-- phpMyAdmin SQL Dump
-- version 4.1.14
-- http://www.phpmyadmin.net
--
-- Host: 127.0.0.1
-- Generation Time: Jan 08, 2016 at 01:53 PM
-- Server version: 5.6.17
-- PHP Version: 5.5.12

SET SQL_MODE = "NO_AUTO_VALUE_ON_ZERO";
SET time_zone = "+00:00";


/*!40101 SET @OLD_CHARACTER_SET_CLIENT=@@CHARACTER_SET_CLIENT */;
/*!40101 SET @OLD_CHARACTER_SET_RESULTS=@@CHARACTER_SET_RESULTS */;
/*!40101 SET @OLD_COLLATION_CONNECTION=@@COLLATION_CONNECTION */;
/*!40101 SET NAMES utf8 */;

--
-- Database: `orlivnet_service`
--

-- --------------------------------------------------------

--
-- Table structure for table `audit_physical_stock`
--

CREATE TABLE IF NOT EXISTS `audit_physical_stock` (
  `ph_stock_id` int(11) NOT NULL AUTO_INCREMENT,
  `audt_code` varchar(100) NOT NULL,
  `asset_id` int(11) NOT NULL,
  `asset_type` varchar(255) NOT NULL,
  `classification` varchar(255) NOT NULL,
  `ph_stock_qunatity` bigint(20) NOT NULL,
  `extra_stock_quantity` bigint(20) NOT NULL,
  `old_ph_stock_qunatity` bigint(20) NOT NULL,
  `notification_date` date NOT NULL,
  `approved` text NOT NULL,
  PRIMARY KEY (`ph_stock_id`)
) ENGINE=InnoDB  DEFAULT CHARSET=latin1 AUTO_INCREMENT=162 ;

--
-- Dumping data for table `audit_physical_stock`
--

INSERT INTO `audit_physical_stock` (`ph_stock_id`, `audt_code`, `asset_id`, `asset_type`, `classification`, `ph_stock_qunatity`, `extra_stock_quantity`, `old_ph_stock_qunatity`, `notification_date`, `approved`) VALUES
(1, 'LOC1193160106', 0, 'REMOTE MONITORING UNITS', 'Rented', 0, 0, 0, '0000-00-00', ''),
(2, 'LOC1193160106', 0, 'AIR CONDITIONER', 'Rented', 2, 0, 0, '0000-00-00', ''),
(3, 'LOC1193160106', 0, 'INTERIOR', 'Owned', 0, 0, 0, '0000-00-00', ''),
(4, 'LOC1193160106', 0, 'CHAIRS', 'Owned', 19, 0, 0, '0000-00-00', ''),
(5, 'LOC1193160106', 0, 'SIGNAGE BOARD', 'Owned', 1, 0, 0, '0000-00-00', ''),
(6, 'LOC1193160106', 0, 'CASH VAULT', 'Owned', 0, 0, 0, '0000-00-00', ''),
(7, 'LOC1193160106', 0, 'PROJECTOR', 'Owned', 1, 0, 0, '0000-00-00', ''),
(8, 'LOC1193160106', 0, 'SPEAKER', 'Owned', 2, 0, 0, '0000-00-00', ''),
(9, 'LOC1193160106', 0, 'TIME STAMPING MACHINE', 'Owned', 1, 0, 0, '0000-00-00', ''),
(10, 'LOC1193160106', 0, 'SCANNER', 'Owned', 0, 0, 0, '0000-00-00', ''),
(11, 'LOC1193160106', 0, 'FAKE NOTE DITECTOR', 'Owned', 1, 0, 0, '0000-00-00', ''),
(12, 'LOC1193160106', 0, 'SOFT BOARD', 'Owned', 56, 0, 0, '0000-00-00', ''),
(13, 'LOC1193160106', 0, 'FIRE EXTINGUISHER', 'Owned', 1, 0, 0, '0000-00-00', ''),
(14, 'LOC1193160106', 0, 'CCTV System', 'Owned', 0, 0, 0, '0000-00-00', ''),
(15, 'LOC1193160106', 0, 'LAPTOP', 'Owned', 0, 0, 0, '0000-00-00', ''),
(16, 'LOC1193160106', 0, 'DESKTOP', 'Owned', 6, 0, 0, '0000-00-00', ''),
(17, 'LOC1193160106', 0, 'APPLE IPAD MINI', 'Owned', 0, 0, 0, '0000-00-00', ''),
(18, 'LOC1193160106', 0, 'UPS', 'Owned', 1, 0, 0, '0000-00-00', ''),
(19, 'LOC1193160106', 0, 'CASH COUNTING MACHINE', 'Owned', 1, 0, 0, '0000-00-00', ''),
(20, 'LOC1193160106', 0, 'WATER COOLER', 'Owned', 1, 0, 0, '0000-00-00', ''),
(21, 'LOC1193160106', 0, 'CASH SAFE', 'Owned', 1, 0, 0, '0000-00-00', ''),
(22, 'LOC1193160106', 0, 'UPS-BATTERIES', 'Owned', 16, 0, 0, '0000-00-00', ''),
(23, 'LOC1193160106', 0, 'UPS-BATTERIES STAND', 'Owned', 1, 0, 0, '0000-00-00', ''),
(24, 'LOC1193160106', 0, 'FIRE PANEL', 'Owned', 1, 0, 0, '0000-00-00', ''),
(25, 'LOC1193160106', 0, 'HOOTER', 'Owned', 1, 0, 0, '0000-00-00', ''),
(26, 'LOC1193160106', 0, 'SMOKE DETECTOR', 'Owned', 8, 0, 0, '0000-00-00', ''),
(27, 'LOC1193160106', 0, 'FIRE EXTINGUISHER-CO2', 'Owned', 1, 0, 0, '0000-00-00', ''),
(28, 'LOC1193160106', 0, 'PRINTER', 'Owned', 2, 0, 0, '0000-00-00', ''),
(29, 'LOC1193160106', 0, 'EXHAUST FAN', 'Owned', 3, 0, 0, '0000-00-00', ''),
(30, 'LOC1193160106', 0, 'MUSIC SYSTEM', 'Owned', 1, 0, 0, '0000-00-00', ''),
(31, 'LOC1193160106', 0, 'TRAINING ROOM SPEAKER', 'Owned', 1, 0, 0, '0000-00-00', ''),
(32, 'LOC1193160106', 0, 'TELEPHONE SET', 'Owned', 3, 0, 0, '0000-00-00', ''),
(33, 'LOC1193160106', 0, 'PEDESTRIAL CHUB', 'Owned', 12, 0, 0, '0000-00-00', ''),
(34, 'LOC1193160106', 0, 'WOODEN CABINET', 'Owned', 3, 0, 0, '0000-00-00', ''),
(35, 'LOC1193160106', 0, 'MANGER TABLE', 'Owned', 1, 0, 0, '0000-00-00', ''),
(36, 'LOC1193160106', 0, 'MODULAR TABLE/WORK STATION', 'Owned', 9, 0, 0, '0000-00-00', ''),
(37, 'LOC1193160106', 0, 'CUSTOMER TABLE', 'Owned', 1, 0, 0, '0000-00-00', ''),
(38, 'LOC1193160106', 0, 'SERVER BOX', 'Owned', 1, 0, 0, '0000-00-00', ''),
(39, 'LOC1193160106', 0, 'OVEN', 'Owned', 1, 0, 0, '0000-00-00', ''),
(40, 'LOC1193160106', 0, 'WHITE BOARD', 'Owned', 2, 0, 0, '0000-00-00', ''),
(41, 'LOC1193160106', 0, 'MODEM', 'Owned', 1, 0, 0, '0000-00-00', ''),
(42, 'LOC1193160106', 0, 'COFFE MACHINE', 'Owned', 1, 0, 0, '0000-00-00', ''),
(43, 'LOC1193160106', 0, 'AIR CONDITIONER', 'Owned', 4, 0, 0, '0000-00-00', ''),
(44, 'LOC1193160106', 0, 'FIRE EXTINGUISHER', 'Owned', 4, 0, 0, '0000-00-00', ''),
(45, 'LOC1193160106', 0, 'LAPTOP', 'Owned', 2, 0, 0, '0000-00-00', ''),
(46, 'LOC1193160106', 0, '3 SEATER CHAIR', 'Owned', 3, 0, 0, '0000-00-00', ''),
(47, 'LOC1193160106', 0, 'FIRE SAFETY KIT', 'Owned', 1, 0, 0, '0000-00-00', ''),
(48, 'LOC1193160106', 0, 'TOKEN DISPENSER', 'Owned', 1, 0, 0, '0000-00-00', ''),
(49, 'LOC1193160106', 0, 'TOKEN DISPLAY', 'Owned', 1, 0, 0, '0000-00-00', ''),
(50, 'LOC1193160106', 0, 'SECURITY TABLE', 'Owned', 1, 0, 0, '0000-00-00', ''),
(51, 'LOC1193160106', 0, 'SCANNER', 'Owned', 1, 0, 0, '0000-00-00', ''),
(52, 'LOC1193160106', 0, 'CHAIRS', 'Owned', 21, 0, 0, '0000-00-00', ''),
(53, 'LOC1193160106', 0, 'INDERTER', 'Owned', 1, 0, 0, '0000-00-00', ''),
(54, 'LOC1193160106', 0, 'INDERTER BATTERY', 'Owned', 2, 0, 0, '0000-00-00', ''),
(55, 'LOC1193160106', 0, 'TABLE FAN', 'Owned', 2, 0, 0, '0000-00-00', ''),
(56, 'LOC1193160106', 0, 'DESKTOP', 'Owned', 1, 0, 0, '0000-00-00', ''),
(57, 'LOC1193160106', 0, 'FIRST AID BOX', 'Owned', 1, 0, 0, '0000-00-00', ''),
(58, 'LOC1193160106', 0, 'MEETING TABLE', 'Owned', 1, 0, 0, '0000-00-00', ''),
(59, 'LOC1193160106', 0, 'LETTER BOX', 'Owned', 1, 0, 0, '0000-00-00', ''),
(60, 'LOC1193160106', 0, 'CHEQUE DROP BOX', 'Owned', 1, 0, 0, '0000-00-00', ''),
(61, 'LOC1193160106', 0, 'TRAINING DESK', 'Owned', 1, 0, 0, '0000-00-00', ''),
(62, 'LOC1193160106', 0, 'FCP BOX', 'Owned', 1, 0, 0, '0000-00-00', ''),
(63, 'LOC1193160106', 0, 'WALL CLOCK', 'Owned', 1, 0, 0, '0000-00-00', ''),
(64, 'LOC143160107', 0, 'AC STABILIZER', 'Owned', 0, 0, 0, '0000-00-00', ''),
(65, 'LOC143160107', 0, 'AIR CONDITIONER', 'Owned', 18, 0, 0, '0000-00-00', ''),
(66, 'LOC143160107', 0, 'CASH VAULT', 'Owned', 1, 0, 0, '0000-00-00', ''),
(67, 'LOC143160107', 0, 'CCTV SYSTEM', 'Owned', 1, 0, 0, '0000-00-00', ''),
(68, 'LOC143160107', 0, 'CHAIRS', 'Owned', 59, 0, 0, '0000-00-00', ''),
(69, 'LOC143160107', 0, 'DESKTOP', 'Owned', 16, 0, 0, '0000-00-00', ''),
(70, 'LOC143160107', 0, 'FAKE NOTE DETECTOR', 'Owned', 1, 0, 0, '0000-00-00', ''),
(71, 'LOC143160107', 0, 'FAN', 'Owned', 5, 0, 0, '0000-00-00', ''),
(72, 'LOC143160107', 0, 'FIRE EXTINGUISHER', 'Owned', 3, 0, 0, '0000-00-00', ''),
(73, 'LOC143160107', 0, 'INTERIOR', 'Owned', 0, 0, 0, '0000-00-00', ''),
(74, 'LOC143160107', 0, 'LAPTOP', 'Owned', 0, 0, 0, '0000-00-00', ''),
(75, 'LOC143160107', 0, 'PROJECTOR', 'Owned', 2, 0, 0, '0000-00-00', ''),
(76, 'LOC143160107', 0, 'SCANNER', 'Owned', 1, 0, 0, '0000-00-00', ''),
(77, 'LOC143160107', 0, 'SIGNAGE BOARD', 'Owned', 1, 0, 0, '0000-00-00', ''),
(78, 'LOC143160107', 0, 'SPEAKER', 'Owned', 1, 0, 0, '0000-00-00', ''),
(79, 'LOC143160107', 0, 'TABLET', 'Owned', 59, 0, 0, '0000-00-00', ''),
(80, 'LOC143160107', 0, 'TIME STAMPING MACHINE', 'Owned', 1, 0, 0, '0000-00-00', ''),
(81, 'LOC143160107', 0, 'TOKEN DISPENSER', 'Owned', 1, 0, 0, '0000-00-00', ''),
(82, 'LOC143160107', 0, 'UPS', 'Owned', 1, 0, 0, '0000-00-00', ''),
(83, 'LOC143160107', 0, 'CHAIRS', 'Rented', 44, 0, 0, '0000-00-00', ''),
(84, 'LOC143160107', 0, 'INSTRUMENT', 'Rented', 1, 0, 0, '0000-00-00', ''),
(85, 'LOC143160107', 0, 'PHOTOCOPIER', 'Rented', 1, 0, 0, '0000-00-00', ''),
(86, 'LOC043160107', 0, 'INTERIOR', 'Owned', 0, 0, 0, '0000-00-00', ''),
(87, 'LOC043160107', 0, 'CHAIRS', 'Owned', 106, 0, 0, '0000-00-00', ''),
(88, 'LOC043160107', 0, 'AC ACCESSORIES', 'Owned', 0, 0, 0, '0000-00-00', ''),
(89, 'LOC043160107', 0, 'AC INSTALLATION', 'Owned', 0, 0, 0, '0000-00-00', ''),
(90, 'LOC043160107', 0, 'AIR CONDITIONER', 'Owned', 12, 0, 0, '0000-00-00', ''),
(91, 'LOC043160107', 0, 'APPLE IPAD MINI', 'Owned', 0, 0, 0, '0000-00-00', ''),
(92, 'LOC043160107', 0, 'CASH COUNTING MACHINE', 'Owned', 3, 0, 0, '0000-00-00', ''),
(93, 'LOC043160107', 0, 'CASH SAFE', 'Owned', 1, 0, 0, '0000-00-00', ''),
(94, 'LOC043160107', 0, 'CASH VAULT', 'Owned', 2, 0, 0, '0000-00-00', ''),
(95, 'LOC043160107', 0, 'CCTV SYSTEM', 'Owned', 1, 0, 0, '0000-00-00', ''),
(96, 'LOC043160107', 0, 'CD ROM DRIVE', 'Owned', 1, 0, 0, '0000-00-00', ''),
(97, 'LOC043160107', 0, 'CHAIR-EXECUTIVE', 'Owned', 37, 0, 0, '0000-00-00', ''),
(98, 'LOC043160107', 0, 'COFFE MACHINE', 'Owned', 2, 0, 0, '0000-00-00', ''),
(99, 'LOC043160107', 0, 'CUSTOMER TABLE', 'Owned', 2, 0, 0, '0000-00-00', ''),
(100, 'LOC043160107', 0, 'DESKTOP', 'Owned', 30, 0, 0, '0000-00-00', ''),
(101, 'LOC043160107', 0, 'ELECTRICAL EQUIPMENT', 'Owned', 2, 0, 0, '0000-00-00', ''),
(102, 'LOC043160107', 0, 'EPABX', 'Owned', 1, 0, 0, '0000-00-00', ''),
(103, 'LOC043160107', 0, 'EPABX-TELEPHONE INSTRUMENT', 'Owned', 3, 0, 0, '0000-00-00', ''),
(104, 'LOC043160107', 0, 'EXHAUST FAN', 'Owned', 7, 0, 0, '0000-00-00', ''),
(105, 'LOC043160107', 0, 'FAKE NOTE DETECTOR', 'Owned', 1, 0, 0, '0000-00-00', ''),
(106, 'LOC043160107', 0, 'FAN', 'Owned', 0, 0, 0, '0000-00-00', ''),
(107, 'LOC043160107', 0, 'FIRE EXTINGUISHER', 'Owned', 4, 0, 0, '0000-00-00', ''),
(108, 'LOC043160107', 0, 'FIRE EXTINGUISHER-CO2', 'Owned', 2, 0, 0, '0000-00-00', ''),
(109, 'LOC043160107', 0, 'FIRE PANEL', 'Owned', 2, 0, 0, '0000-00-00', ''),
(110, 'LOC043160107', 0, 'FIRE REISISTANT FILING CABINET', 'Owned', 7, 0, 0, '0000-00-00', ''),
(111, 'LOC043160107', 0, 'HOOTER', 'Owned', 2, 0, 0, '0000-00-00', ''),
(112, 'LOC043160107', 0, 'LAPTOP', 'Owned', 6, 0, 0, '0000-00-00', ''),
(113, 'LOC043160107', 0, 'MANGER TABLE', 'Owned', 11, 0, 0, '0000-00-00', ''),
(114, 'LOC043160107', 0, 'MICROWAVE OVEN', 'Owned', 1, 0, 0, '0000-00-00', ''),
(115, 'LOC043160107', 0, 'MODEM', 'Owned', 5, 0, 0, '0000-00-00', ''),
(116, 'LOC043160107', 0, 'MODULAR FURNITURE', 'Owned', 36, 0, 0, '0000-00-00', ''),
(117, 'LOC043160107', 0, 'MODULAR TABLE/WORK STATION', 'Owned', 75, 0, 0, '0000-00-00', ''),
(118, 'LOC043160107', 0, 'MUSIC SYSTEM', 'Owned', 2, 0, 0, '0000-00-00', ''),
(119, 'LOC043160107', 0, 'MUSICAL INSTRUMENTS', 'Owned', 1, 0, 0, '0000-00-00', ''),
(120, 'LOC043160107', 0, 'OVEN', 'Owned', 2, 0, 0, '0000-00-00', ''),
(121, 'LOC043160107', 0, 'PEDESTRIAL CHUB', 'Owned', 98, 0, 0, '0000-00-00', ''),
(122, 'LOC043160107', 0, 'PHOTOCOPIER', 'Owned', 2, 0, 0, '0000-00-00', ''),
(123, 'LOC043160107', 0, 'PRINTER', 'Owned', 4, 0, 0, '0000-00-00', ''),
(124, 'LOC043160107', 0, 'ROUTER', 'Owned', 1, 0, 0, '0000-00-00', ''),
(125, 'LOC043160107', 0, 'SCANNER', 'Owned', 1, 0, 0, '0000-00-00', ''),
(126, 'LOC043160107', 0, 'SERVER', 'Owned', 2, 0, 0, '0000-00-00', ''),
(127, 'LOC043160107', 0, 'SERVER BOX', 'Owned', 2, 0, 0, '0000-00-00', ''),
(128, 'LOC043160107', 0, 'SIGNAGE BOARD', 'Owned', 1, 0, 0, '0000-00-00', ''),
(129, 'LOC043160107', 0, 'SMOKE DETECTOR', 'Owned', 29, 0, 0, '0000-00-00', ''),
(130, 'LOC043160107', 0, 'SOFT BOARD', 'Owned', 57, 0, 0, '0000-00-00', ''),
(131, 'LOC043160107', 0, 'SOFTWARE', 'Owned', 0, 0, 0, '0000-00-00', ''),
(132, 'LOC043160107', 0, 'SPEAKER', 'Owned', 2, 0, 0, '0000-00-00', ''),
(133, 'LOC043160107', 0, 'STORAGE RACK', 'Owned', 1, 0, 0, '0000-00-00', ''),
(134, 'LOC043160107', 0, 'SWITCHES', 'Owned', 1, 0, 0, '0000-00-00', ''),
(135, 'LOC043160107', 0, 'TABLET', 'Owned', 17, 0, 0, '0000-00-00', ''),
(136, 'LOC043160107', 0, 'TELEPHONE SET', 'Owned', 82, 0, 0, '0000-00-00', ''),
(137, 'LOC043160107', 0, 'TOKEN DISPENSER', 'Owned', 1, 0, 0, '0000-00-00', ''),
(138, 'LOC043160107', 0, 'TOKEN DISPLAY', 'Owned', 1, 0, 0, '0000-00-00', ''),
(139, 'LOC043160107', 0, 'TRAINING ROOM SPEAKER', 'Owned', 2, 0, 0, '0000-00-00', ''),
(140, 'LOC043160107', 0, 'UPS', 'Owned', 1, 0, 0, '0000-00-00', ''),
(141, 'LOC043160107', 0, 'UPS-BATTERIES', 'Owned', 40, 0, 0, '0000-00-00', ''),
(142, 'LOC043160107', 0, 'UPS-BATTERIES STAND', 'Owned', 2, 0, 0, '0000-00-00', ''),
(143, 'LOC043160107', 0, 'VIDEO CONFERENCING UNIT', 'Owned', 0, 0, 0, '0000-00-00', ''),
(144, 'LOC043160107', 0, 'WATER COOLER', 'Owned', 2, 0, 0, '0000-00-00', ''),
(145, 'LOC043160107', 0, 'WHITE BOARD', 'Owned', 8, 0, 0, '0000-00-00', ''),
(146, 'LOC043160107', 0, 'WOODEN CABINET', 'Owned', 19, 0, 0, '0000-00-00', ''),
(147, 'LOC043160107', 0, 'AC ACCESSORIES', 'Rented', 16, 0, 0, '0000-00-00', ''),
(148, 'LOC043160107', 0, 'AIR CONDITIONER', 'Rented', 33, 0, 0, '0000-00-00', ''),
(149, 'LOC043160107', 0, 'CHAIRS', 'Rented', 45, 0, 0, '0000-00-00', ''),
(150, 'LOC043160107', 0, 'FAX MACHINE', 'Rented', 2, 0, 0, '0000-00-00', ''),
(151, 'LOC043160107', 0, 'INSTRUMENT', 'Rented', 1, 0, 0, '0000-00-00', ''),
(152, 'LOC043160107', 0, 'MODEM', 'Rented', 164, 0, 0, '0000-00-00', ''),
(153, 'LOC043160107', 0, 'MODULAR FURNITURE', 'Rented', 547, 0, 0, '0000-00-00', ''),
(154, 'LOC043160107', 0, 'PHOTOCOPIER', 'Rented', 1, 0, 0, '0000-00-00', ''),
(155, 'LOC043160107', 0, 'REMOTE MONITORING UNITS', 'Rented', 2, 0, 0, '0000-00-00', ''),
(156, 'LOC043160107', 0, 'ROUTER', 'Rented', 6, 0, 0, '0000-00-00', ''),
(157, 'LOC043160107', 0, 'SWITCH', 'Rented', 14, 0, 0, '0000-00-00', ''),
(158, 'LOC043160107', 0, 'TIME STAMPING MACHINE', 'Rented', 1, 0, 0, '0000-00-00', ''),
(159, 'LOC043160107', 0, 'UPS', 'Rented', 4, 0, 0, '0000-00-00', ''),
(160, 'LOC043160107', 0, 'VIDEO CONFERENCING SYSTEM', 'Rented', 2, 0, 0, '0000-00-00', ''),
(161, 'LOC043160107', 0, 'WORKSTATION', 'Rented', 9, 0, 0, '0000-00-00', '');

-- --------------------------------------------------------

--
-- Table structure for table `audit_physical_stock_details`
--

CREATE TABLE IF NOT EXISTS `audit_physical_stock_details` (
  `id` int(11) NOT NULL AUTO_INCREMENT,
  `audt_code` varchar(100) NOT NULL,
  `ph_stock_id` int(11) NOT NULL,
  `asset_id` int(11) NOT NULL,
  `asset_barcode` varchar(100) NOT NULL,
  `barcode_details` varchar(255) NOT NULL,
  `verify` text NOT NULL,
  `is_audit` text NOT NULL,
  PRIMARY KEY (`id`)
) ENGINE=InnoDB  DEFAULT CHARSET=latin1 AUTO_INCREMENT=2024 ;

--
-- Dumping data for table `audit_physical_stock_details`
--

INSERT INTO `audit_physical_stock_details` (`id`, `audt_code`, `ph_stock_id`, `asset_id`, `asset_barcode`, `barcode_details`, `verify`, `is_audit`) VALUES
(1, 'LOC1193160106', 2, 0, 'ARCR11930', 'ARC-R-1193-0', '', ''),
(2, 'LOC1193160106', 2, 0, 'ARCR11931', 'ARC-R-1193-1', '', ''),
(3, 'LOC1193160106', 4, 0, 'CHRO11930', 'CHR-O-1193-0', '', ''),
(4, 'LOC1193160106', 4, 0, 'CHRO11931', 'CHR-O-1193-1', '', ''),
(5, 'LOC1193160106', 4, 0, 'CHRO11932', 'CHR-O-1193-2', '', ''),
(6, 'LOC1193160106', 4, 0, 'CHRO11933', 'CHR-O-1193-3', '', ''),
(7, 'LOC1193160106', 4, 0, 'CHRO11934', 'CHR-O-1193-4', '', ''),
(8, 'LOC1193160106', 4, 0, 'CHRO11935', 'CHR-O-1193-5', '', ''),
(9, 'LOC1193160106', 4, 0, 'CHRO11936', 'CHR-O-1193-6', '', ''),
(10, 'LOC1193160106', 4, 0, 'CHRO11937', 'CHR-O-1193-7', '', ''),
(11, 'LOC1193160106', 4, 0, 'CHRO11938', 'CHR-O-1193-8', '', ''),
(12, 'LOC1193160106', 4, 0, 'CHRO11939', 'CHR-O-1193-9', '', ''),
(13, 'LOC1193160106', 4, 0, 'CHRO119310', 'CHR-O-1193-10', '', ''),
(14, 'LOC1193160106', 4, 0, 'CHRO119311', 'CHR-O-1193-11', '', ''),
(15, 'LOC1193160106', 4, 0, 'CHRO119312', 'CHR-O-1193-12', '', ''),
(16, 'LOC1193160106', 4, 0, 'CHRO119313', 'CHR-O-1193-13', '', ''),
(17, 'LOC1193160106', 4, 0, 'CHRO119314', 'CHR-O-1193-14', '', ''),
(18, 'LOC1193160106', 4, 0, 'CHRO119315', 'CHR-O-1193-15', '', ''),
(19, 'LOC1193160106', 4, 0, 'CHRO119316', 'CHR-O-1193-16', '', ''),
(20, 'LOC1193160106', 4, 0, 'CHRO119317', 'CHR-O-1193-17', '', ''),
(21, 'LOC1193160106', 4, 0, 'CHRO119318', 'CHR-O-1193-18', '', ''),
(22, 'LOC1193160106', 5, 0, 'SGBO11930', 'SGB-O-1193-0', '', ''),
(23, 'LOC1193160106', 7, 0, 'PRJO11930', 'PRJ-O-1193-0', '', ''),
(24, 'LOC1193160106', 8, 0, 'SPKO11930', 'SPK-O-1193-0', '', ''),
(25, 'LOC1193160106', 8, 0, 'SPKO11931', 'SPK-O-1193-1', '', ''),
(26, 'LOC1193160106', 9, 0, 'TSMO11930', 'TSM-O-1193-0', '', ''),
(27, 'LOC1193160106', 11, 0, 'FNDO11930', 'FND-O-1193-0', '', ''),
(28, 'LOC1193160106', 12, 0, 'SFBO11930', 'SFB-O-1193-0', '', ''),
(29, 'LOC1193160106', 12, 0, 'SFBO11931', 'SFB-O-1193-1', '', ''),
(30, 'LOC1193160106', 12, 0, 'SFBO11932', 'SFB-O-1193-2', '', ''),
(31, 'LOC1193160106', 12, 0, 'SFBO11933', 'SFB-O-1193-3', '', ''),
(32, 'LOC1193160106', 12, 0, 'SFBO11934', 'SFB-O-1193-4', '', ''),
(33, 'LOC1193160106', 12, 0, 'SFBO11935', 'SFB-O-1193-5', '', ''),
(34, 'LOC1193160106', 12, 0, 'SFBO11936', 'SFB-O-1193-6', '', ''),
(35, 'LOC1193160106', 12, 0, 'SFBO11937', 'SFB-O-1193-7', '', ''),
(36, 'LOC1193160106', 12, 0, 'SFBO11938', 'SFB-O-1193-8', '', ''),
(37, 'LOC1193160106', 12, 0, 'SFBO11939', 'SFB-O-1193-9', '', ''),
(38, 'LOC1193160106', 12, 0, 'SFBO119310', 'SFB-O-1193-10', '', ''),
(39, 'LOC1193160106', 12, 0, 'SFBO119311', 'SFB-O-1193-11', '', ''),
(40, 'LOC1193160106', 12, 0, 'SFBO119312', 'SFB-O-1193-12', '', ''),
(41, 'LOC1193160106', 12, 0, 'SFBO119313', 'SFB-O-1193-13', '', ''),
(42, 'LOC1193160106', 12, 0, 'SFBO119314', 'SFB-O-1193-14', '', ''),
(43, 'LOC1193160106', 12, 0, 'SFBO119315', 'SFB-O-1193-15', '', ''),
(44, 'LOC1193160106', 12, 0, 'SFBO119316', 'SFB-O-1193-16', '', ''),
(45, 'LOC1193160106', 12, 0, 'SFBO119317', 'SFB-O-1193-17', '', ''),
(46, 'LOC1193160106', 12, 0, 'SFBO119318', 'SFB-O-1193-18', '', ''),
(47, 'LOC1193160106', 12, 0, 'SFBO119319', 'SFB-O-1193-19', '', ''),
(48, 'LOC1193160106', 12, 0, 'SFBO119320', 'SFB-O-1193-20', '', ''),
(49, 'LOC1193160106', 12, 0, 'SFBO119321', 'SFB-O-1193-21', '', ''),
(50, 'LOC1193160106', 12, 0, 'SFBO119322', 'SFB-O-1193-22', '', ''),
(51, 'LOC1193160106', 12, 0, 'SFBO119323', 'SFB-O-1193-23', '', ''),
(52, 'LOC1193160106', 12, 0, 'SFBO119324', 'SFB-O-1193-24', '', ''),
(53, 'LOC1193160106', 12, 0, 'SFBO119325', 'SFB-O-1193-25', '', ''),
(54, 'LOC1193160106', 12, 0, 'SFBO119326', 'SFB-O-1193-26', '', ''),
(55, 'LOC1193160106', 12, 0, 'SFBO119327', 'SFB-O-1193-27', '', ''),
(56, 'LOC1193160106', 12, 0, 'SFBO119328', 'SFB-O-1193-28', '', ''),
(57, 'LOC1193160106', 12, 0, 'SFBO119329', 'SFB-O-1193-29', '', ''),
(58, 'LOC1193160106', 12, 0, 'SFBO119330', 'SFB-O-1193-30', '', ''),
(59, 'LOC1193160106', 12, 0, 'SFBO119331', 'SFB-O-1193-31', '', ''),
(60, 'LOC1193160106', 12, 0, 'SFBO119332', 'SFB-O-1193-32', '', ''),
(61, 'LOC1193160106', 12, 0, 'SFBO119333', 'SFB-O-1193-33', '', ''),
(62, 'LOC1193160106', 12, 0, 'SFBO119334', 'SFB-O-1193-34', '', ''),
(63, 'LOC1193160106', 12, 0, 'SFBO119335', 'SFB-O-1193-35', '', ''),
(64, 'LOC1193160106', 12, 0, 'SFBO119336', 'SFB-O-1193-36', '', ''),
(65, 'LOC1193160106', 12, 0, 'SFBO119337', 'SFB-O-1193-37', '', ''),
(66, 'LOC1193160106', 12, 0, 'SFBO119338', 'SFB-O-1193-38', '', ''),
(67, 'LOC1193160106', 12, 0, 'SFBO119339', 'SFB-O-1193-39', '', ''),
(68, 'LOC1193160106', 12, 0, 'SFBO119340', 'SFB-O-1193-40', '', ''),
(69, 'LOC1193160106', 12, 0, 'SFBO119341', 'SFB-O-1193-41', '', ''),
(70, 'LOC1193160106', 12, 0, 'SFBO119342', 'SFB-O-1193-42', '', ''),
(71, 'LOC1193160106', 12, 0, 'SFBO119343', 'SFB-O-1193-43', '', ''),
(72, 'LOC1193160106', 12, 0, 'SFBO119344', 'SFB-O-1193-44', '', ''),
(73, 'LOC1193160106', 12, 0, 'SFBO119345', 'SFB-O-1193-45', '', ''),
(74, 'LOC1193160106', 12, 0, 'SFBO119346', 'SFB-O-1193-46', '', ''),
(75, 'LOC1193160106', 12, 0, 'SFBO119347', 'SFB-O-1193-47', '', ''),
(76, 'LOC1193160106', 12, 0, 'SFBO119348', 'SFB-O-1193-48', '', ''),
(77, 'LOC1193160106', 12, 0, 'SFBO119349', 'SFB-O-1193-49', '', ''),
(78, 'LOC1193160106', 12, 0, 'SFBO119350', 'SFB-O-1193-50', '', ''),
(79, 'LOC1193160106', 12, 0, 'SFBO119351', 'SFB-O-1193-51', '', ''),
(80, 'LOC1193160106', 12, 0, 'SFBO119352', 'SFB-O-1193-52', '', ''),
(81, 'LOC1193160106', 12, 0, 'SFBO119353', 'SFB-O-1193-53', '', ''),
(82, 'LOC1193160106', 12, 0, 'SFBO119354', 'SFB-O-1193-54', '', ''),
(83, 'LOC1193160106', 12, 0, 'SFBO119355', 'SFB-O-1193-55', '', ''),
(84, 'LOC1193160106', 13, 0, 'FEXO11930', 'FEX-O-1193-0', '', ''),
(85, 'LOC1193160106', 16, 0, 'DSKO11930', 'DSK-O-1193-0', '', ''),
(86, 'LOC1193160106', 16, 0, 'DSKO11931', 'DSK-O-1193-1', '', ''),
(87, 'LOC1193160106', 16, 0, 'DSKO11932', 'DSK-O-1193-2', '', ''),
(88, 'LOC1193160106', 16, 0, 'DSKO11933', 'DSK-O-1193-3', '', ''),
(89, 'LOC1193160106', 16, 0, 'DSKO11934', 'DSK-O-1193-4', '', ''),
(90, 'LOC1193160106', 16, 0, 'DSKO11935', 'DSK-O-1193-5', '', ''),
(91, 'LOC1193160106', 18, 0, 'UPSO11930', 'UPS-O-1193-0', '', ''),
(92, 'LOC1193160106', 19, 0, 'CCMO11930', 'CCM-O-1193-0', '', ''),
(93, 'LOC1193160106', 20, 0, 'WCLO11930', 'WCL-O-1193-0', '', ''),
(94, 'LOC1193160106', 21, 0, 'CSSO11930', 'CSS-O-1193-0', '', ''),
(95, 'LOC1193160106', 22, 0, 'UPBO11930', 'UPB-O-1193-0', '', ''),
(96, 'LOC1193160106', 22, 0, 'UPBO11931', 'UPB-O-1193-1', '', ''),
(97, 'LOC1193160106', 22, 0, 'UPBO11932', 'UPB-O-1193-2', '', ''),
(98, 'LOC1193160106', 22, 0, 'UPBO11933', 'UPB-O-1193-3', '', ''),
(99, 'LOC1193160106', 22, 0, 'UPBO11934', 'UPB-O-1193-4', '', ''),
(100, 'LOC1193160106', 22, 0, 'UPBO11935', 'UPB-O-1193-5', '', ''),
(101, 'LOC1193160106', 22, 0, 'UPBO11936', 'UPB-O-1193-6', '', ''),
(102, 'LOC1193160106', 22, 0, 'UPBO11937', 'UPB-O-1193-7', '', ''),
(103, 'LOC1193160106', 22, 0, 'UPBO11938', 'UPB-O-1193-8', '', ''),
(104, 'LOC1193160106', 22, 0, 'UPBO11939', 'UPB-O-1193-9', '', ''),
(105, 'LOC1193160106', 22, 0, 'UPBO119310', 'UPB-O-1193-10', '', ''),
(106, 'LOC1193160106', 22, 0, 'UPBO119311', 'UPB-O-1193-11', '', ''),
(107, 'LOC1193160106', 22, 0, 'UPBO119312', 'UPB-O-1193-12', '', ''),
(108, 'LOC1193160106', 22, 0, 'UPBO119313', 'UPB-O-1193-13', '', ''),
(109, 'LOC1193160106', 22, 0, 'UPBO119314', 'UPB-O-1193-14', '', ''),
(110, 'LOC1193160106', 22, 0, 'UPBO119315', 'UPB-O-1193-15', '', ''),
(111, 'LOC1193160106', 23, 0, 'UBSO11930', 'UBS-O-1193-0', '', ''),
(112, 'LOC1193160106', 24, 0, 'FRPO11930', 'FRP-O-1193-0', '', ''),
(113, 'LOC1193160106', 25, 0, 'HTRO11930', 'HTR-O-1193-0', '', ''),
(114, 'LOC1193160106', 26, 0, 'SMDO11930', 'SMD-O-1193-0', '', ''),
(115, 'LOC1193160106', 26, 0, 'SMDO11931', 'SMD-O-1193-1', '', ''),
(116, 'LOC1193160106', 26, 0, 'SMDO11932', 'SMD-O-1193-2', '', ''),
(117, 'LOC1193160106', 26, 0, 'SMDO11933', 'SMD-O-1193-3', '', ''),
(118, 'LOC1193160106', 26, 0, 'SMDO11934', 'SMD-O-1193-4', '', ''),
(119, 'LOC1193160106', 26, 0, 'SMDO11935', 'SMD-O-1193-5', '', ''),
(120, 'LOC1193160106', 26, 0, 'SMDO11936', 'SMD-O-1193-6', '', ''),
(121, 'LOC1193160106', 26, 0, 'SMDO11937', 'SMD-O-1193-7', '', ''),
(122, 'LOC1193160106', 27, 0, 'FECO11930', 'FEC-O-1193-0', '', ''),
(123, 'LOC1193160106', 28, 0, 'PRNO11930', 'PRN-O-1193-0', '', ''),
(124, 'LOC1193160106', 28, 0, 'PRNO11931', 'PRN-O-1193-1', '', ''),
(125, 'LOC1193160106', 29, 0, 'EXFO11930', 'EXF-O-1193-0', '', ''),
(126, 'LOC1193160106', 29, 0, 'EXFO11931', 'EXF-O-1193-1', '', ''),
(127, 'LOC1193160106', 29, 0, 'EXFO11932', 'EXF-O-1193-2', '', ''),
(128, 'LOC1193160106', 30, 0, 'MUSO11930', 'MUS-O-1193-0', '', ''),
(129, 'LOC1193160106', 31, 0, 'TRSO11930', 'TRS-O-1193-0', '', ''),
(130, 'LOC1193160106', 32, 0, 'TPSO11930', 'TPS-O-1193-0', '', ''),
(131, 'LOC1193160106', 32, 0, 'TPSO11931', 'TPS-O-1193-1', '', ''),
(132, 'LOC1193160106', 32, 0, 'TPSO11932', 'TPS-O-1193-2', '', ''),
(133, 'LOC1193160106', 33, 0, 'PECO11930', 'PEC-O-1193-0', '', ''),
(134, 'LOC1193160106', 33, 0, 'PECO11931', 'PEC-O-1193-1', '', ''),
(135, 'LOC1193160106', 33, 0, 'PECO11932', 'PEC-O-1193-2', '', ''),
(136, 'LOC1193160106', 33, 0, 'PECO11933', 'PEC-O-1193-3', '', ''),
(137, 'LOC1193160106', 33, 0, 'PECO11934', 'PEC-O-1193-4', '', ''),
(138, 'LOC1193160106', 33, 0, 'PECO11935', 'PEC-O-1193-5', '', ''),
(139, 'LOC1193160106', 33, 0, 'PECO11936', 'PEC-O-1193-6', '', ''),
(140, 'LOC1193160106', 33, 0, 'PECO11937', 'PEC-O-1193-7', '', ''),
(141, 'LOC1193160106', 33, 0, 'PECO11938', 'PEC-O-1193-8', '', ''),
(142, 'LOC1193160106', 33, 0, 'PECO11939', 'PEC-O-1193-9', '', ''),
(143, 'LOC1193160106', 33, 0, 'PECO119310', 'PEC-O-1193-10', '', ''),
(144, 'LOC1193160106', 33, 0, 'PECO119311', 'PEC-O-1193-11', '', ''),
(145, 'LOC1193160106', 34, 0, 'WOCO11930', 'WOC-O-1193-0', '', ''),
(146, 'LOC1193160106', 34, 0, 'WOCO11931', 'WOC-O-1193-1', '', ''),
(147, 'LOC1193160106', 34, 0, 'WOCO11932', 'WOC-O-1193-2', '', ''),
(148, 'LOC1193160106', 35, 0, 'MTBO11930', 'MTB-O-1193-0', '', ''),
(149, 'LOC1193160106', 36, 0, 'MOTO11930', 'MOT-O-1193-0', '', ''),
(150, 'LOC1193160106', 36, 0, 'MOTO11931', 'MOT-O-1193-1', '', ''),
(151, 'LOC1193160106', 36, 0, 'MOTO11932', 'MOT-O-1193-2', '', ''),
(152, 'LOC1193160106', 36, 0, 'MOTO11933', 'MOT-O-1193-3', '', ''),
(153, 'LOC1193160106', 36, 0, 'MOTO11934', 'MOT-O-1193-4', '', ''),
(154, 'LOC1193160106', 36, 0, 'MOTO11935', 'MOT-O-1193-5', '', ''),
(155, 'LOC1193160106', 36, 0, 'MOTO11936', 'MOT-O-1193-6', '', ''),
(156, 'LOC1193160106', 36, 0, 'MOTO11937', 'MOT-O-1193-7', '', ''),
(157, 'LOC1193160106', 36, 0, 'MOTO11938', 'MOT-O-1193-8', '', ''),
(158, 'LOC1193160106', 37, 0, 'CUTO11930', 'CUT-O-1193-0', '', ''),
(159, 'LOC1193160106', 38, 0, 'SVBO11930', 'SVB-O-1193-0', '', ''),
(160, 'LOC1193160106', 39, 0, 'OVNO11930', 'OVN-O-1193-0', '', ''),
(161, 'LOC1193160106', 40, 0, 'WHBO11930', 'WHB-O-1193-0', '', ''),
(162, 'LOC1193160106', 40, 0, 'WHBO11931', 'WHB-O-1193-1', '', ''),
(163, 'LOC1193160106', 41, 0, 'MODO11930', 'MOD-O-1193-0', '', ''),
(164, 'LOC1193160106', 42, 0, 'CFMO11930', 'CFM-O-1193-0', '', ''),
(165, 'LOC1193160106', 43, 0, 'ARCO11930', 'ARC-O-1193-0', '', ''),
(166, 'LOC1193160106', 43, 0, 'ARCO11931', 'ARC-O-1193-1', '', ''),
(167, 'LOC1193160106', 43, 0, 'ARCO11932', 'ARC-O-1193-2', '', ''),
(168, 'LOC1193160106', 43, 0, 'ARCO11933', 'ARC-O-1193-3', '', ''),
(169, 'LOC1193160106', 44, 0, 'FEXO11931', 'FEX-O-1193-1', '', ''),
(170, 'LOC1193160106', 44, 0, 'FEXO11932', 'FEX-O-1193-2', '', ''),
(171, 'LOC1193160106', 44, 0, 'FEXO11933', 'FEX-O-1193-3', '', ''),
(172, 'LOC1193160106', 44, 0, 'FEXO11934', 'FEX-O-1193-4', '', ''),
(173, 'LOC1193160106', 45, 0, 'LPTO11930', 'LPT-O-1193-0', '', ''),
(174, 'LOC1193160106', 45, 0, 'LPTO11931', 'LPT-O-1193-1', '', ''),
(175, 'LOC1193160106', 46, 0, 'TSHO11930', 'TSH-O-1193-0', '', ''),
(176, 'LOC1193160106', 46, 0, 'TSHO11931', 'TSH-O-1193-1', '', ''),
(177, 'LOC1193160106', 46, 0, 'TSHO11932', 'TSH-O-1193-2', '', ''),
(178, 'LOC1193160106', 47, 0, 'FSKO11930', 'FSK-O-1193-0', '', ''),
(179, 'LOC1193160106', 48, 0, 'TODO11930', 'TOD-O-1193-0', '', ''),
(180, 'LOC1193160106', 49, 0, 'TDPO11930', 'TDP-O-1193-0', '', ''),
(181, 'LOC1193160106', 50, 0, 'SCTO11930', 'SCT-O-1193-0', '', ''),
(182, 'LOC1193160106', 51, 0, 'SCNO11930', 'SCN-O-1193-0', '', ''),
(183, 'LOC1193160106', 52, 0, 'CHRO119319', 'CHR-O-1193-19', '', ''),
(184, 'LOC1193160106', 52, 0, 'CHRO119320', 'CHR-O-1193-20', '', ''),
(185, 'LOC1193160106', 52, 0, 'CHRO119321', 'CHR-O-1193-21', '', ''),
(186, 'LOC1193160106', 52, 0, 'CHRO119322', 'CHR-O-1193-22', '', ''),
(187, 'LOC1193160106', 52, 0, 'CHRO119323', 'CHR-O-1193-23', '', ''),
(188, 'LOC1193160106', 52, 0, 'CHRO119324', 'CHR-O-1193-24', '', ''),
(189, 'LOC1193160106', 52, 0, 'CHRO119325', 'CHR-O-1193-25', '', ''),
(190, 'LOC1193160106', 52, 0, 'CHRO119326', 'CHR-O-1193-26', '', ''),
(191, 'LOC1193160106', 52, 0, 'CHRO119327', 'CHR-O-1193-27', '', ''),
(192, 'LOC1193160106', 52, 0, 'CHRO119328', 'CHR-O-1193-28', '', ''),
(193, 'LOC1193160106', 52, 0, 'CHRO119329', 'CHR-O-1193-29', '', ''),
(194, 'LOC1193160106', 52, 0, 'CHRO119330', 'CHR-O-1193-30', '', ''),
(195, 'LOC1193160106', 52, 0, 'CHRO119331', 'CHR-O-1193-31', '', ''),
(196, 'LOC1193160106', 52, 0, 'CHRO119332', 'CHR-O-1193-32', '', ''),
(197, 'LOC1193160106', 52, 0, 'CHRO119333', 'CHR-O-1193-33', '', ''),
(198, 'LOC1193160106', 52, 0, 'CHRO119334', 'CHR-O-1193-34', '', ''),
(199, 'LOC1193160106', 52, 0, 'CHRO119335', 'CHR-O-1193-35', '', ''),
(200, 'LOC1193160106', 52, 0, 'CHRO119336', 'CHR-O-1193-36', '', ''),
(201, 'LOC1193160106', 52, 0, 'CHRO119337', 'CHR-O-1193-37', '', ''),
(202, 'LOC1193160106', 52, 0, 'CHRO119338', 'CHR-O-1193-38', '', ''),
(203, 'LOC1193160106', 52, 0, 'CHRO119339', 'CHR-O-1193-39', '', ''),
(204, 'LOC1193160106', 53, 0, 'INVO11930', 'INV-O-1193-0', '', ''),
(205, 'LOC1193160106', 54, 0, 'INBO11930', 'INB-O-1193-0', '', ''),
(206, 'LOC1193160106', 54, 0, 'INBO11931', 'INB-O-1193-1', '', ''),
(207, 'LOC1193160106', 55, 0, 'TBFO11930', 'TBF-O-1193-0', '', ''),
(208, 'LOC1193160106', 55, 0, 'TBFO11931', 'TBF-O-1193-1', '', ''),
(209, 'LOC1193160106', 56, 0, 'DSKO11936', 'DSK-O-1193-6', '', ''),
(210, 'LOC1193160106', 57, 0, 'FABO11930', 'FAB-O-1193-0', '', ''),
(211, 'LOC1193160106', 58, 0, 'METO11930', 'MET-O-1193-0', '', ''),
(212, 'LOC1193160106', 59, 0, 'LEBO11930', 'LEB-O-1193-0', '', ''),
(213, 'LOC1193160106', 60, 0, 'CDBO11930', 'CDB-O-1193-0', '', ''),
(214, 'LOC1193160106', 61, 0, 'TRDO11930', 'TRD-O-1193-0', '', ''),
(215, 'LOC1193160106', 62, 0, 'FBXO11930', 'FBX-O-1193-0', '', ''),
(216, 'LOC1193160106', 63, 0, 'WLCO11930', 'WLC-O-1193-0', '', ''),
(217, 'LOC143160107', 65, 0, 'ARCO1430', 'ARC-O-143-0', '', ''),
(218, 'LOC143160107', 65, 0, 'ARCO1431', 'ARC-O-143-1', '', ''),
(219, 'LOC143160107', 65, 0, 'ARCO1432', 'ARC-O-143-2', '', ''),
(220, 'LOC143160107', 65, 0, 'ARCO1433', 'ARC-O-143-3', '', ''),
(221, 'LOC143160107', 65, 0, 'ARCO1434', 'ARC-O-143-4', '', ''),
(222, 'LOC143160107', 65, 0, 'ARCO1435', 'ARC-O-143-5', '', ''),
(223, 'LOC143160107', 65, 0, 'ARCO1436', 'ARC-O-143-6', '', ''),
(224, 'LOC143160107', 65, 0, 'ARCO1437', 'ARC-O-143-7', '', ''),
(225, 'LOC143160107', 65, 0, 'ARCO1438', 'ARC-O-143-8', '', ''),
(226, 'LOC143160107', 65, 0, 'ARCO1439', 'ARC-O-143-9', '', ''),
(227, 'LOC143160107', 65, 0, 'ARCO14310', 'ARC-O-143-10', '', ''),
(228, 'LOC143160107', 65, 0, 'ARCO14311', 'ARC-O-143-11', '', ''),
(229, 'LOC143160107', 65, 0, 'ARCO14312', 'ARC-O-143-12', '', ''),
(230, 'LOC143160107', 65, 0, 'ARCO14313', 'ARC-O-143-13', '', ''),
(231, 'LOC143160107', 65, 0, 'ARCO14314', 'ARC-O-143-14', '', ''),
(232, 'LOC143160107', 65, 0, 'ARCO14315', 'ARC-O-143-15', '', ''),
(233, 'LOC143160107', 65, 0, 'ARCO14316', 'ARC-O-143-16', '', ''),
(234, 'LOC143160107', 65, 0, 'ARCO14317', 'ARC-O-143-17', '', ''),
(235, 'LOC143160107', 66, 0, 'CSVO1430', 'CSV-O-143-0', '', ''),
(236, 'LOC143160107', 67, 0, 'CTSO1430', 'CTS-O-143-0', '', ''),
(237, 'LOC143160107', 68, 0, 'CHRO1430', 'CHR-O-143-0', '', ''),
(238, 'LOC143160107', 68, 0, 'CHRO1431', 'CHR-O-143-1', '', ''),
(239, 'LOC143160107', 68, 0, 'CHRO1432', 'CHR-O-143-2', '', ''),
(240, 'LOC143160107', 68, 0, 'CHRO1433', 'CHR-O-143-3', '', ''),
(241, 'LOC143160107', 68, 0, 'CHRO1434', 'CHR-O-143-4', '', ''),
(242, 'LOC143160107', 68, 0, 'CHRO1435', 'CHR-O-143-5', '', ''),
(243, 'LOC143160107', 68, 0, 'CHRO1436', 'CHR-O-143-6', '', ''),
(244, 'LOC143160107', 68, 0, 'CHRO1437', 'CHR-O-143-7', '', ''),
(245, 'LOC143160107', 68, 0, 'CHRO1438', 'CHR-O-143-8', '', ''),
(246, 'LOC143160107', 68, 0, 'CHRO1439', 'CHR-O-143-9', '', ''),
(247, 'LOC143160107', 68, 0, 'CHRO14310', 'CHR-O-143-10', '', ''),
(248, 'LOC143160107', 68, 0, 'CHRO14311', 'CHR-O-143-11', '', ''),
(249, 'LOC143160107', 68, 0, 'CHRO14312', 'CHR-O-143-12', '', ''),
(250, 'LOC143160107', 68, 0, 'CHRO14313', 'CHR-O-143-13', '', ''),
(251, 'LOC143160107', 68, 0, 'CHRO14314', 'CHR-O-143-14', '', ''),
(252, 'LOC143160107', 68, 0, 'CHRO14315', 'CHR-O-143-15', '', ''),
(253, 'LOC143160107', 68, 0, 'CHRO14316', 'CHR-O-143-16', '', ''),
(254, 'LOC143160107', 68, 0, 'CHRO14317', 'CHR-O-143-17', '', ''),
(255, 'LOC143160107', 68, 0, 'CHRO14318', 'CHR-O-143-18', '', ''),
(256, 'LOC143160107', 68, 0, 'CHRO14319', 'CHR-O-143-19', '', ''),
(257, 'LOC143160107', 68, 0, 'CHRO14320', 'CHR-O-143-20', '', ''),
(258, 'LOC143160107', 68, 0, 'CHRO14321', 'CHR-O-143-21', '', ''),
(259, 'LOC143160107', 68, 0, 'CHRO14322', 'CHR-O-143-22', '', ''),
(260, 'LOC143160107', 68, 0, 'CHRO14323', 'CHR-O-143-23', '', ''),
(261, 'LOC143160107', 68, 0, 'CHRO14324', 'CHR-O-143-24', '', ''),
(262, 'LOC143160107', 68, 0, 'CHRO14325', 'CHR-O-143-25', '', ''),
(263, 'LOC143160107', 68, 0, 'CHRO14326', 'CHR-O-143-26', '', ''),
(264, 'LOC143160107', 68, 0, 'CHRO14327', 'CHR-O-143-27', '', ''),
(265, 'LOC143160107', 68, 0, 'CHRO14328', 'CHR-O-143-28', '', ''),
(266, 'LOC143160107', 68, 0, 'CHRO14329', 'CHR-O-143-29', '', ''),
(267, 'LOC143160107', 68, 0, 'CHRO14330', 'CHR-O-143-30', '', ''),
(268, 'LOC143160107', 68, 0, 'CHRO14331', 'CHR-O-143-31', '', ''),
(269, 'LOC143160107', 68, 0, 'CHRO14332', 'CHR-O-143-32', '', ''),
(270, 'LOC143160107', 68, 0, 'CHRO14333', 'CHR-O-143-33', '', ''),
(271, 'LOC143160107', 68, 0, 'CHRO14334', 'CHR-O-143-34', '', ''),
(272, 'LOC143160107', 68, 0, 'CHRO14335', 'CHR-O-143-35', '', ''),
(273, 'LOC143160107', 68, 0, 'CHRO14336', 'CHR-O-143-36', '', ''),
(274, 'LOC143160107', 68, 0, 'CHRO14337', 'CHR-O-143-37', '', ''),
(275, 'LOC143160107', 68, 0, 'CHRO14338', 'CHR-O-143-38', '', ''),
(276, 'LOC143160107', 68, 0, 'CHRO14339', 'CHR-O-143-39', '', ''),
(277, 'LOC143160107', 68, 0, 'CHRO14340', 'CHR-O-143-40', '', ''),
(278, 'LOC143160107', 68, 0, 'CHRO14341', 'CHR-O-143-41', '', ''),
(279, 'LOC143160107', 68, 0, 'CHRO14342', 'CHR-O-143-42', '', ''),
(280, 'LOC143160107', 68, 0, 'CHRO14343', 'CHR-O-143-43', '', ''),
(281, 'LOC143160107', 68, 0, 'CHRO14344', 'CHR-O-143-44', '', ''),
(282, 'LOC143160107', 68, 0, 'CHRO14345', 'CHR-O-143-45', '', ''),
(283, 'LOC143160107', 68, 0, 'CHRO14346', 'CHR-O-143-46', '', ''),
(284, 'LOC143160107', 68, 0, 'CHRO14347', 'CHR-O-143-47', '', ''),
(285, 'LOC143160107', 68, 0, 'CHRO14348', 'CHR-O-143-48', '', ''),
(286, 'LOC143160107', 68, 0, 'CHRO14349', 'CHR-O-143-49', '', ''),
(287, 'LOC143160107', 68, 0, 'CHRO14350', 'CHR-O-143-50', '', ''),
(288, 'LOC143160107', 68, 0, 'CHRO14351', 'CHR-O-143-51', '', ''),
(289, 'LOC143160107', 68, 0, 'CHRO14352', 'CHR-O-143-52', '', ''),
(290, 'LOC143160107', 68, 0, 'CHRO14353', 'CHR-O-143-53', '', ''),
(291, 'LOC143160107', 68, 0, 'CHRO14354', 'CHR-O-143-54', '', ''),
(292, 'LOC143160107', 68, 0, 'CHRO14355', 'CHR-O-143-55', '', ''),
(293, 'LOC143160107', 68, 0, 'CHRO14356', 'CHR-O-143-56', '', ''),
(294, 'LOC143160107', 68, 0, 'CHRO14357', 'CHR-O-143-57', '', ''),
(295, 'LOC143160107', 68, 0, 'CHRO14358', 'CHR-O-143-58', '', ''),
(296, 'LOC143160107', 69, 0, 'DSKO1430', 'DSK-O-143-0', '', ''),
(297, 'LOC143160107', 69, 0, 'DSKO1431', 'DSK-O-143-1', '', ''),
(298, 'LOC143160107', 69, 0, 'DSKO1432', 'DSK-O-143-2', '', ''),
(299, 'LOC143160107', 69, 0, 'DSKO1433', 'DSK-O-143-3', '', ''),
(300, 'LOC143160107', 69, 0, 'DSKO1434', 'DSK-O-143-4', '', ''),
(301, 'LOC143160107', 69, 0, 'DSKO1435', 'DSK-O-143-5', '', ''),
(302, 'LOC143160107', 69, 0, 'DSKO1436', 'DSK-O-143-6', '', ''),
(303, 'LOC143160107', 69, 0, 'DSKO1437', 'DSK-O-143-7', '', ''),
(304, 'LOC143160107', 69, 0, 'DSKO1438', 'DSK-O-143-8', '', ''),
(305, 'LOC143160107', 69, 0, 'DSKO1439', 'DSK-O-143-9', '', ''),
(306, 'LOC143160107', 69, 0, 'DSKO14310', 'DSK-O-143-10', '', ''),
(307, 'LOC143160107', 69, 0, 'DSKO14311', 'DSK-O-143-11', '', ''),
(308, 'LOC143160107', 69, 0, 'DSKO14312', 'DSK-O-143-12', '', ''),
(309, 'LOC143160107', 69, 0, 'DSKO14313', 'DSK-O-143-13', '', ''),
(310, 'LOC143160107', 69, 0, 'DSKO14314', 'DSK-O-143-14', '', ''),
(311, 'LOC143160107', 69, 0, 'DSKO14315', 'DSK-O-143-15', '', ''),
(312, 'LOC143160107', 70, 0, 'FNDO1430', 'FND-O-143-0', '', ''),
(313, 'LOC143160107', 71, 0, 'FANO1430', 'FAN-O-143-0', '', ''),
(314, 'LOC143160107', 71, 0, 'FANO1431', 'FAN-O-143-1', '', ''),
(315, 'LOC143160107', 71, 0, 'FANO1432', 'FAN-O-143-2', '', ''),
(316, 'LOC143160107', 71, 0, 'FANO1433', 'FAN-O-143-3', '', ''),
(317, 'LOC143160107', 71, 0, 'FANO1434', 'FAN-O-143-4', '', ''),
(318, 'LOC143160107', 72, 0, 'FEXO1430', 'FEX-O-143-0', '', ''),
(319, 'LOC143160107', 72, 0, 'FEXO1431', 'FEX-O-143-1', '', ''),
(320, 'LOC143160107', 72, 0, 'FEXO1432', 'FEX-O-143-2', '', ''),
(321, 'LOC143160107', 75, 0, 'PRJO1430', 'PRJ-O-143-0', '', ''),
(322, 'LOC143160107', 75, 0, 'PRJO1431', 'PRJ-O-143-1', '', ''),
(323, 'LOC143160107', 76, 0, 'SCNO1430', 'SCN-O-143-0', '', ''),
(324, 'LOC143160107', 77, 0, 'SGBO1430', 'SGB-O-143-0', '', ''),
(325, 'LOC143160107', 78, 0, 'SPKO1430', 'SPK-O-143-0', '', ''),
(326, 'LOC143160107', 79, 0, 'TABO1430', 'TAB-O-143-0', '', ''),
(327, 'LOC143160107', 79, 0, 'TABO1431', 'TAB-O-143-1', '', ''),
(328, 'LOC143160107', 79, 0, 'TABO1432', 'TAB-O-143-2', '', ''),
(329, 'LOC143160107', 79, 0, 'TABO1433', 'TAB-O-143-3', '', ''),
(330, 'LOC143160107', 79, 0, 'TABO1434', 'TAB-O-143-4', '', ''),
(331, 'LOC143160107', 79, 0, 'TABO1435', 'TAB-O-143-5', '', ''),
(332, 'LOC143160107', 79, 0, 'TABO1436', 'TAB-O-143-6', '', ''),
(333, 'LOC143160107', 79, 0, 'TABO1437', 'TAB-O-143-7', '', ''),
(334, 'LOC143160107', 79, 0, 'TABO1438', 'TAB-O-143-8', '', ''),
(335, 'LOC143160107', 79, 0, 'TABO1439', 'TAB-O-143-9', '', ''),
(336, 'LOC143160107', 79, 0, 'TABO14310', 'TAB-O-143-10', '', ''),
(337, 'LOC143160107', 79, 0, 'TABO14311', 'TAB-O-143-11', '', ''),
(338, 'LOC143160107', 79, 0, 'TABO14312', 'TAB-O-143-12', '', ''),
(339, 'LOC143160107', 79, 0, 'TABO14313', 'TAB-O-143-13', '', ''),
(340, 'LOC143160107', 79, 0, 'TABO14314', 'TAB-O-143-14', '', ''),
(341, 'LOC143160107', 79, 0, 'TABO14315', 'TAB-O-143-15', '', ''),
(342, 'LOC143160107', 79, 0, 'TABO14316', 'TAB-O-143-16', '', ''),
(343, 'LOC143160107', 79, 0, 'TABO14317', 'TAB-O-143-17', '', ''),
(344, 'LOC143160107', 79, 0, 'TABO14318', 'TAB-O-143-18', '', ''),
(345, 'LOC143160107', 79, 0, 'TABO14319', 'TAB-O-143-19', '', ''),
(346, 'LOC143160107', 79, 0, 'TABO14320', 'TAB-O-143-20', '', ''),
(347, 'LOC143160107', 79, 0, 'TABO14321', 'TAB-O-143-21', '', ''),
(348, 'LOC143160107', 79, 0, 'TABO14322', 'TAB-O-143-22', '', ''),
(349, 'LOC143160107', 79, 0, 'TABO14323', 'TAB-O-143-23', '', ''),
(350, 'LOC143160107', 79, 0, 'TABO14324', 'TAB-O-143-24', '', ''),
(351, 'LOC143160107', 79, 0, 'TABO14325', 'TAB-O-143-25', '', ''),
(352, 'LOC143160107', 79, 0, 'TABO14326', 'TAB-O-143-26', '', ''),
(353, 'LOC143160107', 79, 0, 'TABO14327', 'TAB-O-143-27', '', ''),
(354, 'LOC143160107', 79, 0, 'TABO14328', 'TAB-O-143-28', '', ''),
(355, 'LOC143160107', 79, 0, 'TABO14329', 'TAB-O-143-29', '', ''),
(356, 'LOC143160107', 79, 0, 'TABO14330', 'TAB-O-143-30', '', ''),
(357, 'LOC143160107', 79, 0, 'TABO14331', 'TAB-O-143-31', '', ''),
(358, 'LOC143160107', 79, 0, 'TABO14332', 'TAB-O-143-32', '', ''),
(359, 'LOC143160107', 79, 0, 'TABO14333', 'TAB-O-143-33', '', ''),
(360, 'LOC143160107', 79, 0, 'TABO14334', 'TAB-O-143-34', '', ''),
(361, 'LOC143160107', 79, 0, 'TABO14335', 'TAB-O-143-35', '', ''),
(362, 'LOC143160107', 79, 0, 'TABO14336', 'TAB-O-143-36', '', ''),
(363, 'LOC143160107', 79, 0, 'TABO14337', 'TAB-O-143-37', '', ''),
(364, 'LOC143160107', 79, 0, 'TABO14338', 'TAB-O-143-38', '', ''),
(365, 'LOC143160107', 79, 0, 'TABO14339', 'TAB-O-143-39', '', ''),
(366, 'LOC143160107', 79, 0, 'TABO14340', 'TAB-O-143-40', '', ''),
(367, 'LOC143160107', 79, 0, 'TABO14341', 'TAB-O-143-41', '', ''),
(368, 'LOC143160107', 79, 0, 'TABO14342', 'TAB-O-143-42', '', ''),
(369, 'LOC143160107', 79, 0, 'TABO14343', 'TAB-O-143-43', '', ''),
(370, 'LOC143160107', 79, 0, 'TABO14344', 'TAB-O-143-44', '', ''),
(371, 'LOC143160107', 79, 0, 'TABO14345', 'TAB-O-143-45', '', ''),
(372, 'LOC143160107', 79, 0, 'TABO14346', 'TAB-O-143-46', '', ''),
(373, 'LOC143160107', 79, 0, 'TABO14347', 'TAB-O-143-47', '', ''),
(374, 'LOC143160107', 79, 0, 'TABO14348', 'TAB-O-143-48', '', ''),
(375, 'LOC143160107', 79, 0, 'TABO14349', 'TAB-O-143-49', '', ''),
(376, 'LOC143160107', 79, 0, 'TABO14350', 'TAB-O-143-50', '', ''),
(377, 'LOC143160107', 79, 0, 'TABO14351', 'TAB-O-143-51', '', ''),
(378, 'LOC143160107', 79, 0, 'TABO14352', 'TAB-O-143-52', '', ''),
(379, 'LOC143160107', 79, 0, 'TABO14353', 'TAB-O-143-53', '', ''),
(380, 'LOC143160107', 79, 0, 'TABO14354', 'TAB-O-143-54', '', ''),
(381, 'LOC143160107', 79, 0, 'TABO14355', 'TAB-O-143-55', '', ''),
(382, 'LOC143160107', 79, 0, 'TABO14356', 'TAB-O-143-56', '', ''),
(383, 'LOC143160107', 79, 0, 'TABO14357', 'TAB-O-143-57', '', ''),
(384, 'LOC143160107', 79, 0, 'TABO14358', 'TAB-O-143-58', '', ''),
(385, 'LOC143160107', 80, 0, 'TSMO1430', 'TSM-O-143-0', '', ''),
(386, 'LOC143160107', 81, 0, 'TODO1430', 'TOD-O-143-0', '', ''),
(387, 'LOC143160107', 82, 0, 'UPSO1430', 'UPS-O-143-0', '', ''),
(388, 'LOC143160107', 83, 0, 'CHRR1430', 'CHR-R-143-0', '', ''),
(389, 'LOC143160107', 83, 0, 'CHRR1431', 'CHR-R-143-1', '', ''),
(390, 'LOC143160107', 83, 0, 'CHRR1432', 'CHR-R-143-2', '', ''),
(391, 'LOC143160107', 83, 0, 'CHRR1433', 'CHR-R-143-3', '', ''),
(392, 'LOC143160107', 83, 0, 'CHRR1434', 'CHR-R-143-4', '', ''),
(393, 'LOC143160107', 83, 0, 'CHRR1435', 'CHR-R-143-5', '', ''),
(394, 'LOC143160107', 83, 0, 'CHRR1436', 'CHR-R-143-6', '', ''),
(395, 'LOC143160107', 83, 0, 'CHRR1437', 'CHR-R-143-7', '', ''),
(396, 'LOC143160107', 83, 0, 'CHRR1438', 'CHR-R-143-8', '', ''),
(397, 'LOC143160107', 83, 0, 'CHRR1439', 'CHR-R-143-9', '', ''),
(398, 'LOC143160107', 83, 0, 'CHRR14310', 'CHR-R-143-10', '', ''),
(399, 'LOC143160107', 83, 0, 'CHRR14311', 'CHR-R-143-11', '', ''),
(400, 'LOC143160107', 83, 0, 'CHRR14312', 'CHR-R-143-12', '', ''),
(401, 'LOC143160107', 83, 0, 'CHRR14313', 'CHR-R-143-13', '', ''),
(402, 'LOC143160107', 83, 0, 'CHRR14314', 'CHR-R-143-14', '', ''),
(403, 'LOC143160107', 83, 0, 'CHRR14315', 'CHR-R-143-15', '', ''),
(404, 'LOC143160107', 83, 0, 'CHRR14316', 'CHR-R-143-16', '', ''),
(405, 'LOC143160107', 83, 0, 'CHRR14317', 'CHR-R-143-17', '', ''),
(406, 'LOC143160107', 83, 0, 'CHRR14318', 'CHR-R-143-18', '', ''),
(407, 'LOC143160107', 83, 0, 'CHRR14319', 'CHR-R-143-19', '', ''),
(408, 'LOC143160107', 83, 0, 'CHRR14320', 'CHR-R-143-20', '', ''),
(409, 'LOC143160107', 83, 0, 'CHRR14321', 'CHR-R-143-21', '', ''),
(410, 'LOC143160107', 83, 0, 'CHRR14322', 'CHR-R-143-22', '', ''),
(411, 'LOC143160107', 83, 0, 'CHRR14323', 'CHR-R-143-23', '', ''),
(412, 'LOC143160107', 83, 0, 'CHRR14324', 'CHR-R-143-24', '', ''),
(413, 'LOC143160107', 83, 0, 'CHRR14325', 'CHR-R-143-25', '', ''),
(414, 'LOC143160107', 83, 0, 'CHRR14326', 'CHR-R-143-26', '', ''),
(415, 'LOC143160107', 83, 0, 'CHRR14327', 'CHR-R-143-27', '', ''),
(416, 'LOC143160107', 83, 0, 'CHRR14328', 'CHR-R-143-28', '', ''),
(417, 'LOC143160107', 83, 0, 'CHRR14329', 'CHR-R-143-29', '', ''),
(418, 'LOC143160107', 83, 0, 'CHRR14330', 'CHR-R-143-30', '', ''),
(419, 'LOC143160107', 83, 0, 'CHRR14331', 'CHR-R-143-31', '', ''),
(420, 'LOC143160107', 83, 0, 'CHRR14332', 'CHR-R-143-32', '', ''),
(421, 'LOC143160107', 83, 0, 'CHRR14333', 'CHR-R-143-33', '', ''),
(422, 'LOC143160107', 83, 0, 'CHRR14334', 'CHR-R-143-34', '', ''),
(423, 'LOC143160107', 83, 0, 'CHRR14335', 'CHR-R-143-35', '', ''),
(424, 'LOC143160107', 83, 0, 'CHRR14336', 'CHR-R-143-36', '', ''),
(425, 'LOC143160107', 83, 0, 'CHRR14337', 'CHR-R-143-37', '', ''),
(426, 'LOC143160107', 83, 0, 'CHRR14338', 'CHR-R-143-38', '', ''),
(427, 'LOC143160107', 83, 0, 'CHRR14339', 'CHR-R-143-39', '', ''),
(428, 'LOC143160107', 83, 0, 'CHRR14340', 'CHR-R-143-40', '', ''),
(429, 'LOC143160107', 83, 0, 'CHRR14341', 'CHR-R-143-41', '', ''),
(430, 'LOC143160107', 83, 0, 'CHRR14342', 'CHR-R-143-42', '', ''),
(431, 'LOC143160107', 83, 0, 'CHRR14343', 'CHR-R-143-43', '', ''),
(432, 'LOC143160107', 84, 0, 'INSR1430', 'INS-R-143-0', '', ''),
(433, 'LOC143160107', 85, 0, 'PHCR1430', 'PHC-R-143-0', '', ''),
(434, 'LOC043160107', 87, 0, 'CHRO0430', 'CHR-O-043-0', '', ''),
(435, 'LOC043160107', 87, 0, 'CHRO0431', 'CHR-O-043-1', '', ''),
(436, 'LOC043160107', 87, 0, 'CHRO0432', 'CHR-O-043-2', '', ''),
(437, 'LOC043160107', 87, 0, 'CHRO0433', 'CHR-O-043-3', '', ''),
(438, 'LOC043160107', 87, 0, 'CHRO0434', 'CHR-O-043-4', '', ''),
(439, 'LOC043160107', 87, 0, 'CHRO0435', 'CHR-O-043-5', '', ''),
(440, 'LOC043160107', 87, 0, 'CHRO0436', 'CHR-O-043-6', '', ''),
(441, 'LOC043160107', 87, 0, 'CHRO0437', 'CHR-O-043-7', '', ''),
(442, 'LOC043160107', 87, 0, 'CHRO0438', 'CHR-O-043-8', '', ''),
(443, 'LOC043160107', 87, 0, 'CHRO0439', 'CHR-O-043-9', '', ''),
(444, 'LOC043160107', 87, 0, 'CHRO04310', 'CHR-O-043-10', '', ''),
(445, 'LOC043160107', 87, 0, 'CHRO04311', 'CHR-O-043-11', '', ''),
(446, 'LOC043160107', 87, 0, 'CHRO04312', 'CHR-O-043-12', '', ''),
(447, 'LOC043160107', 87, 0, 'CHRO04313', 'CHR-O-043-13', '', ''),
(448, 'LOC043160107', 87, 0, 'CHRO04314', 'CHR-O-043-14', '', ''),
(449, 'LOC043160107', 87, 0, 'CHRO04315', 'CHR-O-043-15', '', ''),
(450, 'LOC043160107', 87, 0, 'CHRO04316', 'CHR-O-043-16', '', ''),
(451, 'LOC043160107', 87, 0, 'CHRO04317', 'CHR-O-043-17', '', ''),
(452, 'LOC043160107', 87, 0, 'CHRO04318', 'CHR-O-043-18', '', ''),
(453, 'LOC043160107', 87, 0, 'CHRO04319', 'CHR-O-043-19', '', ''),
(454, 'LOC043160107', 87, 0, 'CHRO04320', 'CHR-O-043-20', '', ''),
(455, 'LOC043160107', 87, 0, 'CHRO04321', 'CHR-O-043-21', '', ''),
(456, 'LOC043160107', 87, 0, 'CHRO04322', 'CHR-O-043-22', '', ''),
(457, 'LOC043160107', 87, 0, 'CHRO04323', 'CHR-O-043-23', '', ''),
(458, 'LOC043160107', 87, 0, 'CHRO04324', 'CHR-O-043-24', '', ''),
(459, 'LOC043160107', 87, 0, 'CHRO04325', 'CHR-O-043-25', '', ''),
(460, 'LOC043160107', 87, 0, 'CHRO04326', 'CHR-O-043-26', '', ''),
(461, 'LOC043160107', 87, 0, 'CHRO04327', 'CHR-O-043-27', '', ''),
(462, 'LOC043160107', 87, 0, 'CHRO04328', 'CHR-O-043-28', '', ''),
(463, 'LOC043160107', 87, 0, 'CHRO04329', 'CHR-O-043-29', '', ''),
(464, 'LOC043160107', 87, 0, 'CHRO04330', 'CHR-O-043-30', '', ''),
(465, 'LOC043160107', 87, 0, 'CHRO04331', 'CHR-O-043-31', '', ''),
(466, 'LOC043160107', 87, 0, 'CHRO04332', 'CHR-O-043-32', '', ''),
(467, 'LOC043160107', 87, 0, 'CHRO04333', 'CHR-O-043-33', '', ''),
(468, 'LOC043160107', 87, 0, 'CHRO04334', 'CHR-O-043-34', '', ''),
(469, 'LOC043160107', 87, 0, 'CHRO04335', 'CHR-O-043-35', '', ''),
(470, 'LOC043160107', 87, 0, 'CHRO04336', 'CHR-O-043-36', '', ''),
(471, 'LOC043160107', 87, 0, 'CHRO04337', 'CHR-O-043-37', '', ''),
(472, 'LOC043160107', 87, 0, 'CHRO04338', 'CHR-O-043-38', '', ''),
(473, 'LOC043160107', 87, 0, 'CHRO04339', 'CHR-O-043-39', '', ''),
(474, 'LOC043160107', 87, 0, 'CHRO04340', 'CHR-O-043-40', '', ''),
(475, 'LOC043160107', 87, 0, 'CHRO04341', 'CHR-O-043-41', '', ''),
(476, 'LOC043160107', 87, 0, 'CHRO04342', 'CHR-O-043-42', '', ''),
(477, 'LOC043160107', 87, 0, 'CHRO04343', 'CHR-O-043-43', '', ''),
(478, 'LOC043160107', 87, 0, 'CHRO04344', 'CHR-O-043-44', '', ''),
(479, 'LOC043160107', 87, 0, 'CHRO04345', 'CHR-O-043-45', '', ''),
(480, 'LOC043160107', 87, 0, 'CHRO04346', 'CHR-O-043-46', '', ''),
(481, 'LOC043160107', 87, 0, 'CHRO04347', 'CHR-O-043-47', '', ''),
(482, 'LOC043160107', 87, 0, 'CHRO04348', 'CHR-O-043-48', '', ''),
(483, 'LOC043160107', 87, 0, 'CHRO04349', 'CHR-O-043-49', '', ''),
(484, 'LOC043160107', 87, 0, 'CHRO04350', 'CHR-O-043-50', '', ''),
(485, 'LOC043160107', 87, 0, 'CHRO04351', 'CHR-O-043-51', '', ''),
(486, 'LOC043160107', 87, 0, 'CHRO04352', 'CHR-O-043-52', '', ''),
(487, 'LOC043160107', 87, 0, 'CHRO04353', 'CHR-O-043-53', '', ''),
(488, 'LOC043160107', 87, 0, 'CHRO04354', 'CHR-O-043-54', '', ''),
(489, 'LOC043160107', 87, 0, 'CHRO04355', 'CHR-O-043-55', '', ''),
(490, 'LOC043160107', 87, 0, 'CHRO04356', 'CHR-O-043-56', '', ''),
(491, 'LOC043160107', 87, 0, 'CHRO04357', 'CHR-O-043-57', '', ''),
(492, 'LOC043160107', 87, 0, 'CHRO04358', 'CHR-O-043-58', '', ''),
(493, 'LOC043160107', 87, 0, 'CHRO04359', 'CHR-O-043-59', '', ''),
(494, 'LOC043160107', 87, 0, 'CHRO04360', 'CHR-O-043-60', '', ''),
(495, 'LOC043160107', 87, 0, 'CHRO04361', 'CHR-O-043-61', '', ''),
(496, 'LOC043160107', 87, 0, 'CHRO04362', 'CHR-O-043-62', '', ''),
(497, 'LOC043160107', 87, 0, 'CHRO04363', 'CHR-O-043-63', '', ''),
(498, 'LOC043160107', 87, 0, 'CHRO04364', 'CHR-O-043-64', '', ''),
(499, 'LOC043160107', 87, 0, 'CHRO04365', 'CHR-O-043-65', '', ''),
(500, 'LOC043160107', 87, 0, 'CHRO04366', 'CHR-O-043-66', '', ''),
(501, 'LOC043160107', 87, 0, 'CHRO04367', 'CHR-O-043-67', '', ''),
(502, 'LOC043160107', 87, 0, 'CHRO04368', 'CHR-O-043-68', '', ''),
(503, 'LOC043160107', 87, 0, 'CHRO04369', 'CHR-O-043-69', '', ''),
(504, 'LOC043160107', 87, 0, 'CHRO04370', 'CHR-O-043-70', '', ''),
(505, 'LOC043160107', 87, 0, 'CHRO04371', 'CHR-O-043-71', '', ''),
(506, 'LOC043160107', 87, 0, 'CHRO04372', 'CHR-O-043-72', '', ''),
(507, 'LOC043160107', 87, 0, 'CHRO04373', 'CHR-O-043-73', '', ''),
(508, 'LOC043160107', 87, 0, 'CHRO04374', 'CHR-O-043-74', '', ''),
(509, 'LOC043160107', 87, 0, 'CHRO04375', 'CHR-O-043-75', '', ''),
(510, 'LOC043160107', 87, 0, 'CHRO04376', 'CHR-O-043-76', '', ''),
(511, 'LOC043160107', 87, 0, 'CHRO04377', 'CHR-O-043-77', '', ''),
(512, 'LOC043160107', 87, 0, 'CHRO04378', 'CHR-O-043-78', '', ''),
(513, 'LOC043160107', 87, 0, 'CHRO04379', 'CHR-O-043-79', '', ''),
(514, 'LOC043160107', 87, 0, 'CHRO04380', 'CHR-O-043-80', '', ''),
(515, 'LOC043160107', 87, 0, 'CHRO04381', 'CHR-O-043-81', '', ''),
(516, 'LOC043160107', 87, 0, 'CHRO04382', 'CHR-O-043-82', '', ''),
(517, 'LOC043160107', 87, 0, 'CHRO04383', 'CHR-O-043-83', '', ''),
(518, 'LOC043160107', 87, 0, 'CHRO04384', 'CHR-O-043-84', '', ''),
(519, 'LOC043160107', 87, 0, 'CHRO04385', 'CHR-O-043-85', '', ''),
(520, 'LOC043160107', 87, 0, 'CHRO04386', 'CHR-O-043-86', '', ''),
(521, 'LOC043160107', 87, 0, 'CHRO04387', 'CHR-O-043-87', '', ''),
(522, 'LOC043160107', 87, 0, 'CHRO04388', 'CHR-O-043-88', '', ''),
(523, 'LOC043160107', 87, 0, 'CHRO04389', 'CHR-O-043-89', '', ''),
(524, 'LOC043160107', 87, 0, 'CHRO04390', 'CHR-O-043-90', '', ''),
(525, 'LOC043160107', 87, 0, 'CHRO04391', 'CHR-O-043-91', '', ''),
(526, 'LOC043160107', 87, 0, 'CHRO04392', 'CHR-O-043-92', '', ''),
(527, 'LOC043160107', 87, 0, 'CHRO04393', 'CHR-O-043-93', '', ''),
(528, 'LOC043160107', 87, 0, 'CHRO04394', 'CHR-O-043-94', '', ''),
(529, 'LOC043160107', 87, 0, 'CHRO04395', 'CHR-O-043-95', '', ''),
(530, 'LOC043160107', 87, 0, 'CHRO04396', 'CHR-O-043-96', '', ''),
(531, 'LOC043160107', 87, 0, 'CHRO04397', 'CHR-O-043-97', '', ''),
(532, 'LOC043160107', 87, 0, 'CHRO04398', 'CHR-O-043-98', '', ''),
(533, 'LOC043160107', 87, 0, 'CHRO04399', 'CHR-O-043-99', '', ''),
(534, 'LOC043160107', 87, 0, 'CHRO043100', 'CHR-O-043-100', '', ''),
(535, 'LOC043160107', 87, 0, 'CHRO043101', 'CHR-O-043-101', '', ''),
(536, 'LOC043160107', 87, 0, 'CHRO043102', 'CHR-O-043-102', '', ''),
(537, 'LOC043160107', 87, 0, 'CHRO043103', 'CHR-O-043-103', '', ''),
(538, 'LOC043160107', 87, 0, 'CHRO043104', 'CHR-O-043-104', '', ''),
(539, 'LOC043160107', 87, 0, 'CHRO043105', 'CHR-O-043-105', '', ''),
(540, 'LOC043160107', 90, 0, 'ARCO0430', 'ARC-O-043-0', '', ''),
(541, 'LOC043160107', 90, 0, 'ARCO0431', 'ARC-O-043-1', '', ''),
(542, 'LOC043160107', 90, 0, 'ARCO0432', 'ARC-O-043-2', '', ''),
(543, 'LOC043160107', 90, 0, 'ARCO0433', 'ARC-O-043-3', '', ''),
(544, 'LOC043160107', 90, 0, 'ARCO0434', 'ARC-O-043-4', '', ''),
(545, 'LOC043160107', 90, 0, 'ARCO0435', 'ARC-O-043-5', '', ''),
(546, 'LOC043160107', 90, 0, 'ARCO0436', 'ARC-O-043-6', '', ''),
(547, 'LOC043160107', 90, 0, 'ARCO0437', 'ARC-O-043-7', '', ''),
(548, 'LOC043160107', 90, 0, 'ARCO0438', 'ARC-O-043-8', '', ''),
(549, 'LOC043160107', 90, 0, 'ARCO0439', 'ARC-O-043-9', '', ''),
(550, 'LOC043160107', 90, 0, 'ARCO04310', 'ARC-O-043-10', '', ''),
(551, 'LOC043160107', 90, 0, 'ARCO04311', 'ARC-O-043-11', '', ''),
(552, 'LOC043160107', 92, 0, 'CCMO0430', 'CCM-O-043-0', '', ''),
(553, 'LOC043160107', 92, 0, 'CCMO0431', 'CCM-O-043-1', '', ''),
(554, 'LOC043160107', 92, 0, 'CCMO0432', 'CCM-O-043-2', '', ''),
(555, 'LOC043160107', 93, 0, 'CSSO0430', 'CSS-O-043-0', '', ''),
(556, 'LOC043160107', 94, 0, 'CSVO0430', 'CSV-O-043-0', '', ''),
(557, 'LOC043160107', 94, 0, 'CSVO0431', 'CSV-O-043-1', '', ''),
(558, 'LOC043160107', 95, 0, 'CTSO0430', 'CTS-O-043-0', '', ''),
(559, 'LOC043160107', 96, 0, 'CRDO0430', 'CRD-O-043-0', '', ''),
(560, 'LOC043160107', 97, 0, 'CHEO0430', 'CHE-O-043-0', '', ''),
(561, 'LOC043160107', 97, 0, 'CHEO0431', 'CHE-O-043-1', '', ''),
(562, 'LOC043160107', 97, 0, 'CHEO0432', 'CHE-O-043-2', '', ''),
(563, 'LOC043160107', 97, 0, 'CHEO0433', 'CHE-O-043-3', '', ''),
(564, 'LOC043160107', 97, 0, 'CHEO0434', 'CHE-O-043-4', '', ''),
(565, 'LOC043160107', 97, 0, 'CHEO0435', 'CHE-O-043-5', '', ''),
(566, 'LOC043160107', 97, 0, 'CHEO0436', 'CHE-O-043-6', '', ''),
(567, 'LOC043160107', 97, 0, 'CHEO0437', 'CHE-O-043-7', '', ''),
(568, 'LOC043160107', 97, 0, 'CHEO0438', 'CHE-O-043-8', '', ''),
(569, 'LOC043160107', 97, 0, 'CHEO0439', 'CHE-O-043-9', '', ''),
(570, 'LOC043160107', 97, 0, 'CHEO04310', 'CHE-O-043-10', '', ''),
(571, 'LOC043160107', 97, 0, 'CHEO04311', 'CHE-O-043-11', '', ''),
(572, 'LOC043160107', 97, 0, 'CHEO04312', 'CHE-O-043-12', '', ''),
(573, 'LOC043160107', 97, 0, 'CHEO04313', 'CHE-O-043-13', '', ''),
(574, 'LOC043160107', 97, 0, 'CHEO04314', 'CHE-O-043-14', '', ''),
(575, 'LOC043160107', 97, 0, 'CHEO04315', 'CHE-O-043-15', '', ''),
(576, 'LOC043160107', 97, 0, 'CHEO04316', 'CHE-O-043-16', '', ''),
(577, 'LOC043160107', 97, 0, 'CHEO04317', 'CHE-O-043-17', '', ''),
(578, 'LOC043160107', 97, 0, 'CHEO04318', 'CHE-O-043-18', '', ''),
(579, 'LOC043160107', 97, 0, 'CHEO04319', 'CHE-O-043-19', '', ''),
(580, 'LOC043160107', 97, 0, 'CHEO04320', 'CHE-O-043-20', '', ''),
(581, 'LOC043160107', 97, 0, 'CHEO04321', 'CHE-O-043-21', '', ''),
(582, 'LOC043160107', 97, 0, 'CHEO04322', 'CHE-O-043-22', '', ''),
(583, 'LOC043160107', 97, 0, 'CHEO04323', 'CHE-O-043-23', '', ''),
(584, 'LOC043160107', 97, 0, 'CHEO04324', 'CHE-O-043-24', '', ''),
(585, 'LOC043160107', 97, 0, 'CHEO04325', 'CHE-O-043-25', '', ''),
(586, 'LOC043160107', 97, 0, 'CHEO04326', 'CHE-O-043-26', '', ''),
(587, 'LOC043160107', 97, 0, 'CHEO04327', 'CHE-O-043-27', '', ''),
(588, 'LOC043160107', 97, 0, 'CHEO04328', 'CHE-O-043-28', '', ''),
(589, 'LOC043160107', 97, 0, 'CHEO04329', 'CHE-O-043-29', '', ''),
(590, 'LOC043160107', 97, 0, 'CHEO04330', 'CHE-O-043-30', '', ''),
(591, 'LOC043160107', 97, 0, 'CHEO04331', 'CHE-O-043-31', '', ''),
(592, 'LOC043160107', 97, 0, 'CHEO04332', 'CHE-O-043-32', '', ''),
(593, 'LOC043160107', 97, 0, 'CHEO04333', 'CHE-O-043-33', '', ''),
(594, 'LOC043160107', 97, 0, 'CHEO04334', 'CHE-O-043-34', '', ''),
(595, 'LOC043160107', 97, 0, 'CHEO04335', 'CHE-O-043-35', '', ''),
(596, 'LOC043160107', 97, 0, 'CHEO04336', 'CHE-O-043-36', '', ''),
(597, 'LOC043160107', 98, 0, 'CFMO0430', 'CFM-O-043-0', '', ''),
(598, 'LOC043160107', 98, 0, 'CFMO0431', 'CFM-O-043-1', '', ''),
(599, 'LOC043160107', 99, 0, 'CUTO0430', 'CUT-O-043-0', '', ''),
(600, 'LOC043160107', 99, 0, 'CUTO0431', 'CUT-O-043-1', '', ''),
(601, 'LOC043160107', 100, 0, 'DSKO0430', 'DSK-O-043-0', '', ''),
(602, 'LOC043160107', 100, 0, 'DSKO0431', 'DSK-O-043-1', '', ''),
(603, 'LOC043160107', 100, 0, 'DSKO0432', 'DSK-O-043-2', '', ''),
(604, 'LOC043160107', 100, 0, 'DSKO0433', 'DSK-O-043-3', '', ''),
(605, 'LOC043160107', 100, 0, 'DSKO0434', 'DSK-O-043-4', '', ''),
(606, 'LOC043160107', 100, 0, 'DSKO0435', 'DSK-O-043-5', '', ''),
(607, 'LOC043160107', 100, 0, 'DSKO0436', 'DSK-O-043-6', '', ''),
(608, 'LOC043160107', 100, 0, 'DSKO0437', 'DSK-O-043-7', '', ''),
(609, 'LOC043160107', 100, 0, 'DSKO0438', 'DSK-O-043-8', '', ''),
(610, 'LOC043160107', 100, 0, 'DSKO0439', 'DSK-O-043-9', '', ''),
(611, 'LOC043160107', 100, 0, 'DSKO04310', 'DSK-O-043-10', '', ''),
(612, 'LOC043160107', 100, 0, 'DSKO04311', 'DSK-O-043-11', '', ''),
(613, 'LOC043160107', 100, 0, 'DSKO04312', 'DSK-O-043-12', '', ''),
(614, 'LOC043160107', 100, 0, 'DSKO04313', 'DSK-O-043-13', '', ''),
(615, 'LOC043160107', 100, 0, 'DSKO04314', 'DSK-O-043-14', '', ''),
(616, 'LOC043160107', 100, 0, 'DSKO04315', 'DSK-O-043-15', '', ''),
(617, 'LOC043160107', 100, 0, 'DSKO04316', 'DSK-O-043-16', '', ''),
(618, 'LOC043160107', 100, 0, 'DSKO04317', 'DSK-O-043-17', '', ''),
(619, 'LOC043160107', 100, 0, 'DSKO04318', 'DSK-O-043-18', '', ''),
(620, 'LOC043160107', 100, 0, 'DSKO04319', 'DSK-O-043-19', '', ''),
(621, 'LOC043160107', 100, 0, 'DSKO04320', 'DSK-O-043-20', '', ''),
(622, 'LOC043160107', 100, 0, 'DSKO04321', 'DSK-O-043-21', '', ''),
(623, 'LOC043160107', 100, 0, 'DSKO04322', 'DSK-O-043-22', '', ''),
(624, 'LOC043160107', 100, 0, 'DSKO04323', 'DSK-O-043-23', '', ''),
(625, 'LOC043160107', 100, 0, 'DSKO04324', 'DSK-O-043-24', '', ''),
(626, 'LOC043160107', 100, 0, 'DSKO04325', 'DSK-O-043-25', '', ''),
(627, 'LOC043160107', 100, 0, 'DSKO04326', 'DSK-O-043-26', '', ''),
(628, 'LOC043160107', 100, 0, 'DSKO04327', 'DSK-O-043-27', '', ''),
(629, 'LOC043160107', 100, 0, 'DSKO04328', 'DSK-O-043-28', '', ''),
(630, 'LOC043160107', 100, 0, 'DSKO04329', 'DSK-O-043-29', '', ''),
(631, 'LOC043160107', 101, 0, 'EEQO0430', 'EEQ-O-043-0', '', ''),
(632, 'LOC043160107', 101, 0, 'EEQO0431', 'EEQ-O-043-1', '', ''),
(633, 'LOC043160107', 102, 0, 'EPXO0430', 'EPX-O-043-0', '', ''),
(634, 'LOC043160107', 103, 0, 'ETIO0430', 'ETI-O-043-0', '', ''),
(635, 'LOC043160107', 103, 0, 'ETIO0431', 'ETI-O-043-1', '', ''),
(636, 'LOC043160107', 103, 0, 'ETIO0432', 'ETI-O-043-2', '', ''),
(637, 'LOC043160107', 104, 0, 'EXFO0430', 'EXF-O-043-0', '', ''),
(638, 'LOC043160107', 104, 0, 'EXFO0431', 'EXF-O-043-1', '', ''),
(639, 'LOC043160107', 104, 0, 'EXFO0432', 'EXF-O-043-2', '', ''),
(640, 'LOC043160107', 104, 0, 'EXFO0433', 'EXF-O-043-3', '', ''),
(641, 'LOC043160107', 104, 0, 'EXFO0434', 'EXF-O-043-4', '', ''),
(642, 'LOC043160107', 104, 0, 'EXFO0435', 'EXF-O-043-5', '', ''),
(643, 'LOC043160107', 104, 0, 'EXFO0436', 'EXF-O-043-6', '', ''),
(644, 'LOC043160107', 105, 0, 'FNDO0430', 'FND-O-043-0', '', ''),
(645, 'LOC043160107', 107, 0, 'FEXO0430', 'FEX-O-043-0', '', ''),
(646, 'LOC043160107', 107, 0, 'FEXO0431', 'FEX-O-043-1', '', ''),
(647, 'LOC043160107', 107, 0, 'FEXO0432', 'FEX-O-043-2', '', ''),
(648, 'LOC043160107', 107, 0, 'FEXO0433', 'FEX-O-043-3', '', ''),
(649, 'LOC043160107', 108, 0, 'FECO0430', 'FEC-O-043-0', '', ''),
(650, 'LOC043160107', 108, 0, 'FECO0431', 'FEC-O-043-1', '', ''),
(651, 'LOC043160107', 109, 0, 'FRPO0430', 'FRP-O-043-0', '', ''),
(652, 'LOC043160107', 109, 0, 'FRPO0431', 'FRP-O-043-1', '', ''),
(653, 'LOC043160107', 110, 0, 'FRCO0430', 'FRC-O-043-0', '', ''),
(654, 'LOC043160107', 110, 0, 'FRCO0431', 'FRC-O-043-1', '', ''),
(655, 'LOC043160107', 110, 0, 'FRCO0432', 'FRC-O-043-2', '', ''),
(656, 'LOC043160107', 110, 0, 'FRCO0433', 'FRC-O-043-3', '', ''),
(657, 'LOC043160107', 110, 0, 'FRCO0434', 'FRC-O-043-4', '', ''),
(658, 'LOC043160107', 110, 0, 'FRCO0435', 'FRC-O-043-5', '', ''),
(659, 'LOC043160107', 110, 0, 'FRCO0436', 'FRC-O-043-6', '', ''),
(660, 'LOC043160107', 111, 0, 'HTRO0430', 'HTR-O-043-0', '', ''),
(661, 'LOC043160107', 111, 0, 'HTRO0431', 'HTR-O-043-1', '', ''),
(662, 'LOC043160107', 112, 0, 'LPTO0430', 'LPT-O-043-0', '', ''),
(663, 'LOC043160107', 112, 0, 'LPTO0431', 'LPT-O-043-1', '', ''),
(664, 'LOC043160107', 112, 0, 'LPTO0432', 'LPT-O-043-2', '', ''),
(665, 'LOC043160107', 112, 0, 'LPTO0433', 'LPT-O-043-3', '', ''),
(666, 'LOC043160107', 112, 0, 'LPTO0434', 'LPT-O-043-4', '', ''),
(667, 'LOC043160107', 112, 0, 'LPTO0435', 'LPT-O-043-5', '', ''),
(668, 'LOC043160107', 113, 0, 'MTBO0430', 'MTB-O-043-0', '', ''),
(669, 'LOC043160107', 113, 0, 'MTBO0431', 'MTB-O-043-1', '', ''),
(670, 'LOC043160107', 113, 0, 'MTBO0432', 'MTB-O-043-2', '', ''),
(671, 'LOC043160107', 113, 0, 'MTBO0433', 'MTB-O-043-3', '', ''),
(672, 'LOC043160107', 113, 0, 'MTBO0434', 'MTB-O-043-4', '', ''),
(673, 'LOC043160107', 113, 0, 'MTBO0435', 'MTB-O-043-5', '', ''),
(674, 'LOC043160107', 113, 0, 'MTBO0436', 'MTB-O-043-6', '', ''),
(675, 'LOC043160107', 113, 0, 'MTBO0437', 'MTB-O-043-7', '', ''),
(676, 'LOC043160107', 113, 0, 'MTBO0438', 'MTB-O-043-8', '', ''),
(677, 'LOC043160107', 113, 0, 'MTBO0439', 'MTB-O-043-9', '', ''),
(678, 'LOC043160107', 113, 0, 'MTBO04310', 'MTB-O-043-10', '', ''),
(679, 'LOC043160107', 114, 0, 'MWOO0430', 'MWO-O-043-0', '', ''),
(680, 'LOC043160107', 115, 0, 'MODO0430', 'MOD-O-043-0', '', ''),
(681, 'LOC043160107', 115, 0, 'MODO0431', 'MOD-O-043-1', '', ''),
(682, 'LOC043160107', 115, 0, 'MODO0432', 'MOD-O-043-2', '', ''),
(683, 'LOC043160107', 115, 0, 'MODO0433', 'MOD-O-043-3', '', ''),
(684, 'LOC043160107', 115, 0, 'MODO0434', 'MOD-O-043-4', '', ''),
(685, 'LOC043160107', 116, 0, 'MOFO0430', 'MOF-O-043-0', '', ''),
(686, 'LOC043160107', 116, 0, 'MOFO0431', 'MOF-O-043-1', '', ''),
(687, 'LOC043160107', 116, 0, 'MOFO0432', 'MOF-O-043-2', '', ''),
(688, 'LOC043160107', 116, 0, 'MOFO0433', 'MOF-O-043-3', '', ''),
(689, 'LOC043160107', 116, 0, 'MOFO0434', 'MOF-O-043-4', '', ''),
(690, 'LOC043160107', 116, 0, 'MOFO0435', 'MOF-O-043-5', '', ''),
(691, 'LOC043160107', 116, 0, 'MOFO0436', 'MOF-O-043-6', '', ''),
(692, 'LOC043160107', 116, 0, 'MOFO0437', 'MOF-O-043-7', '', ''),
(693, 'LOC043160107', 116, 0, 'MOFO0438', 'MOF-O-043-8', '', ''),
(694, 'LOC043160107', 116, 0, 'MOFO0439', 'MOF-O-043-9', '', ''),
(695, 'LOC043160107', 116, 0, 'MOFO04310', 'MOF-O-043-10', '', ''),
(696, 'LOC043160107', 116, 0, 'MOFO04311', 'MOF-O-043-11', '', ''),
(697, 'LOC043160107', 116, 0, 'MOFO04312', 'MOF-O-043-12', '', ''),
(698, 'LOC043160107', 116, 0, 'MOFO04313', 'MOF-O-043-13', '', ''),
(699, 'LOC043160107', 116, 0, 'MOFO04314', 'MOF-O-043-14', '', ''),
(700, 'LOC043160107', 116, 0, 'MOFO04315', 'MOF-O-043-15', '', ''),
(701, 'LOC043160107', 116, 0, 'MOFO04316', 'MOF-O-043-16', '', ''),
(702, 'LOC043160107', 116, 0, 'MOFO04317', 'MOF-O-043-17', '', ''),
(703, 'LOC043160107', 116, 0, 'MOFO04318', 'MOF-O-043-18', '', ''),
(704, 'LOC043160107', 116, 0, 'MOFO04319', 'MOF-O-043-19', '', ''),
(705, 'LOC043160107', 116, 0, 'MOFO04320', 'MOF-O-043-20', '', ''),
(706, 'LOC043160107', 116, 0, 'MOFO04321', 'MOF-O-043-21', '', ''),
(707, 'LOC043160107', 116, 0, 'MOFO04322', 'MOF-O-043-22', '', ''),
(708, 'LOC043160107', 116, 0, 'MOFO04323', 'MOF-O-043-23', '', ''),
(709, 'LOC043160107', 116, 0, 'MOFO04324', 'MOF-O-043-24', '', ''),
(710, 'LOC043160107', 116, 0, 'MOFO04325', 'MOF-O-043-25', '', ''),
(711, 'LOC043160107', 116, 0, 'MOFO04326', 'MOF-O-043-26', '', ''),
(712, 'LOC043160107', 116, 0, 'MOFO04327', 'MOF-O-043-27', '', ''),
(713, 'LOC043160107', 116, 0, 'MOFO04328', 'MOF-O-043-28', '', ''),
(714, 'LOC043160107', 116, 0, 'MOFO04329', 'MOF-O-043-29', '', ''),
(715, 'LOC043160107', 116, 0, 'MOFO04330', 'MOF-O-043-30', '', ''),
(716, 'LOC043160107', 116, 0, 'MOFO04331', 'MOF-O-043-31', '', ''),
(717, 'LOC043160107', 116, 0, 'MOFO04332', 'MOF-O-043-32', '', ''),
(718, 'LOC043160107', 116, 0, 'MOFO04333', 'MOF-O-043-33', '', ''),
(719, 'LOC043160107', 116, 0, 'MOFO04334', 'MOF-O-043-34', '', ''),
(720, 'LOC043160107', 116, 0, 'MOFO04335', 'MOF-O-043-35', '', ''),
(721, 'LOC043160107', 117, 0, 'MOTO0430', 'MOT-O-043-0', '', ''),
(722, 'LOC043160107', 117, 0, 'MOTO0431', 'MOT-O-043-1', '', ''),
(723, 'LOC043160107', 117, 0, 'MOTO0432', 'MOT-O-043-2', '', ''),
(724, 'LOC043160107', 117, 0, 'MOTO0433', 'MOT-O-043-3', '', ''),
(725, 'LOC043160107', 117, 0, 'MOTO0434', 'MOT-O-043-4', '', ''),
(726, 'LOC043160107', 117, 0, 'MOTO0435', 'MOT-O-043-5', '', ''),
(727, 'LOC043160107', 117, 0, 'MOTO0436', 'MOT-O-043-6', '', ''),
(728, 'LOC043160107', 117, 0, 'MOTO0437', 'MOT-O-043-7', '', ''),
(729, 'LOC043160107', 117, 0, 'MOTO0438', 'MOT-O-043-8', '', ''),
(730, 'LOC043160107', 117, 0, 'MOTO0439', 'MOT-O-043-9', '', ''),
(731, 'LOC043160107', 117, 0, 'MOTO04310', 'MOT-O-043-10', '', ''),
(732, 'LOC043160107', 117, 0, 'MOTO04311', 'MOT-O-043-11', '', ''),
(733, 'LOC043160107', 117, 0, 'MOTO04312', 'MOT-O-043-12', '', ''),
(734, 'LOC043160107', 117, 0, 'MOTO04313', 'MOT-O-043-13', '', ''),
(735, 'LOC043160107', 117, 0, 'MOTO04314', 'MOT-O-043-14', '', ''),
(736, 'LOC043160107', 117, 0, 'MOTO04315', 'MOT-O-043-15', '', ''),
(737, 'LOC043160107', 117, 0, 'MOTO04316', 'MOT-O-043-16', '', ''),
(738, 'LOC043160107', 117, 0, 'MOTO04317', 'MOT-O-043-17', '', ''),
(739, 'LOC043160107', 117, 0, 'MOTO04318', 'MOT-O-043-18', '', ''),
(740, 'LOC043160107', 117, 0, 'MOTO04319', 'MOT-O-043-19', '', ''),
(741, 'LOC043160107', 117, 0, 'MOTO04320', 'MOT-O-043-20', '', ''),
(742, 'LOC043160107', 117, 0, 'MOTO04321', 'MOT-O-043-21', '', ''),
(743, 'LOC043160107', 117, 0, 'MOTO04322', 'MOT-O-043-22', '', ''),
(744, 'LOC043160107', 117, 0, 'MOTO04323', 'MOT-O-043-23', '', ''),
(745, 'LOC043160107', 117, 0, 'MOTO04324', 'MOT-O-043-24', '', ''),
(746, 'LOC043160107', 117, 0, 'MOTO04325', 'MOT-O-043-25', '', ''),
(747, 'LOC043160107', 117, 0, 'MOTO04326', 'MOT-O-043-26', '', ''),
(748, 'LOC043160107', 117, 0, 'MOTO04327', 'MOT-O-043-27', '', ''),
(749, 'LOC043160107', 117, 0, 'MOTO04328', 'MOT-O-043-28', '', ''),
(750, 'LOC043160107', 117, 0, 'MOTO04329', 'MOT-O-043-29', '', ''),
(751, 'LOC043160107', 117, 0, 'MOTO04330', 'MOT-O-043-30', '', ''),
(752, 'LOC043160107', 117, 0, 'MOTO04331', 'MOT-O-043-31', '', ''),
(753, 'LOC043160107', 117, 0, 'MOTO04332', 'MOT-O-043-32', '', ''),
(754, 'LOC043160107', 117, 0, 'MOTO04333', 'MOT-O-043-33', '', ''),
(755, 'LOC043160107', 117, 0, 'MOTO04334', 'MOT-O-043-34', '', ''),
(756, 'LOC043160107', 117, 0, 'MOTO04335', 'MOT-O-043-35', '', ''),
(757, 'LOC043160107', 117, 0, 'MOTO04336', 'MOT-O-043-36', '', ''),
(758, 'LOC043160107', 117, 0, 'MOTO04337', 'MOT-O-043-37', '', ''),
(759, 'LOC043160107', 117, 0, 'MOTO04338', 'MOT-O-043-38', '', ''),
(760, 'LOC043160107', 117, 0, 'MOTO04339', 'MOT-O-043-39', '', ''),
(761, 'LOC043160107', 117, 0, 'MOTO04340', 'MOT-O-043-40', '', ''),
(762, 'LOC043160107', 117, 0, 'MOTO04341', 'MOT-O-043-41', '', ''),
(763, 'LOC043160107', 117, 0, 'MOTO04342', 'MOT-O-043-42', '', ''),
(764, 'LOC043160107', 117, 0, 'MOTO04343', 'MOT-O-043-43', '', ''),
(765, 'LOC043160107', 117, 0, 'MOTO04344', 'MOT-O-043-44', '', ''),
(766, 'LOC043160107', 117, 0, 'MOTO04345', 'MOT-O-043-45', '', '');
INSERT INTO `audit_physical_stock_details` (`id`, `audt_code`, `ph_stock_id`, `asset_id`, `asset_barcode`, `barcode_details`, `verify`, `is_audit`) VALUES
(767, 'LOC043160107', 117, 0, 'MOTO04346', 'MOT-O-043-46', '', ''),
(768, 'LOC043160107', 117, 0, 'MOTO04347', 'MOT-O-043-47', '', ''),
(769, 'LOC043160107', 117, 0, 'MOTO04348', 'MOT-O-043-48', '', ''),
(770, 'LOC043160107', 117, 0, 'MOTO04349', 'MOT-O-043-49', '', ''),
(771, 'LOC043160107', 117, 0, 'MOTO04350', 'MOT-O-043-50', '', ''),
(772, 'LOC043160107', 117, 0, 'MOTO04351', 'MOT-O-043-51', '', ''),
(773, 'LOC043160107', 117, 0, 'MOTO04352', 'MOT-O-043-52', '', ''),
(774, 'LOC043160107', 117, 0, 'MOTO04353', 'MOT-O-043-53', '', ''),
(775, 'LOC043160107', 117, 0, 'MOTO04354', 'MOT-O-043-54', '', ''),
(776, 'LOC043160107', 117, 0, 'MOTO04355', 'MOT-O-043-55', '', ''),
(777, 'LOC043160107', 117, 0, 'MOTO04356', 'MOT-O-043-56', '', ''),
(778, 'LOC043160107', 117, 0, 'MOTO04357', 'MOT-O-043-57', '', ''),
(779, 'LOC043160107', 117, 0, 'MOTO04358', 'MOT-O-043-58', '', ''),
(780, 'LOC043160107', 117, 0, 'MOTO04359', 'MOT-O-043-59', '', ''),
(781, 'LOC043160107', 117, 0, 'MOTO04360', 'MOT-O-043-60', '', ''),
(782, 'LOC043160107', 117, 0, 'MOTO04361', 'MOT-O-043-61', '', ''),
(783, 'LOC043160107', 117, 0, 'MOTO04362', 'MOT-O-043-62', '', ''),
(784, 'LOC043160107', 117, 0, 'MOTO04363', 'MOT-O-043-63', '', ''),
(785, 'LOC043160107', 117, 0, 'MOTO04364', 'MOT-O-043-64', '', ''),
(786, 'LOC043160107', 117, 0, 'MOTO04365', 'MOT-O-043-65', '', ''),
(787, 'LOC043160107', 117, 0, 'MOTO04366', 'MOT-O-043-66', '', ''),
(788, 'LOC043160107', 117, 0, 'MOTO04367', 'MOT-O-043-67', '', ''),
(789, 'LOC043160107', 117, 0, 'MOTO04368', 'MOT-O-043-68', '', ''),
(790, 'LOC043160107', 117, 0, 'MOTO04369', 'MOT-O-043-69', '', ''),
(791, 'LOC043160107', 117, 0, 'MOTO04370', 'MOT-O-043-70', '', ''),
(792, 'LOC043160107', 117, 0, 'MOTO04371', 'MOT-O-043-71', '', ''),
(793, 'LOC043160107', 117, 0, 'MOTO04372', 'MOT-O-043-72', '', ''),
(794, 'LOC043160107', 117, 0, 'MOTO04373', 'MOT-O-043-73', '', ''),
(795, 'LOC043160107', 117, 0, 'MOTO04374', 'MOT-O-043-74', '', ''),
(796, 'LOC043160107', 118, 0, 'MUSO0430', 'MUS-O-043-0', '', ''),
(797, 'LOC043160107', 118, 0, 'MUSO0431', 'MUS-O-043-1', '', ''),
(798, 'LOC043160107', 119, 0, 'MUIO0430', 'MUI-O-043-0', '', ''),
(799, 'LOC043160107', 120, 0, 'OVNO0430', 'OVN-O-043-0', '', ''),
(800, 'LOC043160107', 120, 0, 'OVNO0431', 'OVN-O-043-1', '', ''),
(801, 'LOC043160107', 121, 0, 'PECO0430', 'PEC-O-043-0', '', ''),
(802, 'LOC043160107', 121, 0, 'PECO0431', 'PEC-O-043-1', '', ''),
(803, 'LOC043160107', 121, 0, 'PECO0432', 'PEC-O-043-2', '', ''),
(804, 'LOC043160107', 121, 0, 'PECO0433', 'PEC-O-043-3', '', ''),
(805, 'LOC043160107', 121, 0, 'PECO0434', 'PEC-O-043-4', '', ''),
(806, 'LOC043160107', 121, 0, 'PECO0435', 'PEC-O-043-5', '', ''),
(807, 'LOC043160107', 121, 0, 'PECO0436', 'PEC-O-043-6', '', ''),
(808, 'LOC043160107', 121, 0, 'PECO0437', 'PEC-O-043-7', '', ''),
(809, 'LOC043160107', 121, 0, 'PECO0438', 'PEC-O-043-8', '', ''),
(810, 'LOC043160107', 121, 0, 'PECO0439', 'PEC-O-043-9', '', ''),
(811, 'LOC043160107', 121, 0, 'PECO04310', 'PEC-O-043-10', '', ''),
(812, 'LOC043160107', 121, 0, 'PECO04311', 'PEC-O-043-11', '', ''),
(813, 'LOC043160107', 121, 0, 'PECO04312', 'PEC-O-043-12', '', ''),
(814, 'LOC043160107', 121, 0, 'PECO04313', 'PEC-O-043-13', '', ''),
(815, 'LOC043160107', 121, 0, 'PECO04314', 'PEC-O-043-14', '', ''),
(816, 'LOC043160107', 121, 0, 'PECO04315', 'PEC-O-043-15', '', ''),
(817, 'LOC043160107', 121, 0, 'PECO04316', 'PEC-O-043-16', '', ''),
(818, 'LOC043160107', 121, 0, 'PECO04317', 'PEC-O-043-17', '', ''),
(819, 'LOC043160107', 121, 0, 'PECO04318', 'PEC-O-043-18', '', ''),
(820, 'LOC043160107', 121, 0, 'PECO04319', 'PEC-O-043-19', '', ''),
(821, 'LOC043160107', 121, 0, 'PECO04320', 'PEC-O-043-20', '', ''),
(822, 'LOC043160107', 121, 0, 'PECO04321', 'PEC-O-043-21', '', ''),
(823, 'LOC043160107', 121, 0, 'PECO04322', 'PEC-O-043-22', '', ''),
(824, 'LOC043160107', 121, 0, 'PECO04323', 'PEC-O-043-23', '', ''),
(825, 'LOC043160107', 121, 0, 'PECO04324', 'PEC-O-043-24', '', ''),
(826, 'LOC043160107', 121, 0, 'PECO04325', 'PEC-O-043-25', '', ''),
(827, 'LOC043160107', 121, 0, 'PECO04326', 'PEC-O-043-26', '', ''),
(828, 'LOC043160107', 121, 0, 'PECO04327', 'PEC-O-043-27', '', ''),
(829, 'LOC043160107', 121, 0, 'PECO04328', 'PEC-O-043-28', '', ''),
(830, 'LOC043160107', 121, 0, 'PECO04329', 'PEC-O-043-29', '', ''),
(831, 'LOC043160107', 121, 0, 'PECO04330', 'PEC-O-043-30', '', ''),
(832, 'LOC043160107', 121, 0, 'PECO04331', 'PEC-O-043-31', '', ''),
(833, 'LOC043160107', 121, 0, 'PECO04332', 'PEC-O-043-32', '', ''),
(834, 'LOC043160107', 121, 0, 'PECO04333', 'PEC-O-043-33', '', ''),
(835, 'LOC043160107', 121, 0, 'PECO04334', 'PEC-O-043-34', '', ''),
(836, 'LOC043160107', 121, 0, 'PECO04335', 'PEC-O-043-35', '', ''),
(837, 'LOC043160107', 121, 0, 'PECO04336', 'PEC-O-043-36', '', ''),
(838, 'LOC043160107', 121, 0, 'PECO04337', 'PEC-O-043-37', '', ''),
(839, 'LOC043160107', 121, 0, 'PECO04338', 'PEC-O-043-38', '', ''),
(840, 'LOC043160107', 121, 0, 'PECO04339', 'PEC-O-043-39', '', ''),
(841, 'LOC043160107', 121, 0, 'PECO04340', 'PEC-O-043-40', '', ''),
(842, 'LOC043160107', 121, 0, 'PECO04341', 'PEC-O-043-41', '', ''),
(843, 'LOC043160107', 121, 0, 'PECO04342', 'PEC-O-043-42', '', ''),
(844, 'LOC043160107', 121, 0, 'PECO04343', 'PEC-O-043-43', '', ''),
(845, 'LOC043160107', 121, 0, 'PECO04344', 'PEC-O-043-44', '', ''),
(846, 'LOC043160107', 121, 0, 'PECO04345', 'PEC-O-043-45', '', ''),
(847, 'LOC043160107', 121, 0, 'PECO04346', 'PEC-O-043-46', '', ''),
(848, 'LOC043160107', 121, 0, 'PECO04347', 'PEC-O-043-47', '', ''),
(849, 'LOC043160107', 121, 0, 'PECO04348', 'PEC-O-043-48', '', ''),
(850, 'LOC043160107', 121, 0, 'PECO04349', 'PEC-O-043-49', '', ''),
(851, 'LOC043160107', 121, 0, 'PECO04350', 'PEC-O-043-50', '', ''),
(852, 'LOC043160107', 121, 0, 'PECO04351', 'PEC-O-043-51', '', ''),
(853, 'LOC043160107', 121, 0, 'PECO04352', 'PEC-O-043-52', '', ''),
(854, 'LOC043160107', 121, 0, 'PECO04353', 'PEC-O-043-53', '', ''),
(855, 'LOC043160107', 121, 0, 'PECO04354', 'PEC-O-043-54', '', ''),
(856, 'LOC043160107', 121, 0, 'PECO04355', 'PEC-O-043-55', '', ''),
(857, 'LOC043160107', 121, 0, 'PECO04356', 'PEC-O-043-56', '', ''),
(858, 'LOC043160107', 121, 0, 'PECO04357', 'PEC-O-043-57', '', ''),
(859, 'LOC043160107', 121, 0, 'PECO04358', 'PEC-O-043-58', '', ''),
(860, 'LOC043160107', 121, 0, 'PECO04359', 'PEC-O-043-59', '', ''),
(861, 'LOC043160107', 121, 0, 'PECO04360', 'PEC-O-043-60', '', ''),
(862, 'LOC043160107', 121, 0, 'PECO04361', 'PEC-O-043-61', '', ''),
(863, 'LOC043160107', 121, 0, 'PECO04362', 'PEC-O-043-62', '', ''),
(864, 'LOC043160107', 121, 0, 'PECO04363', 'PEC-O-043-63', '', ''),
(865, 'LOC043160107', 121, 0, 'PECO04364', 'PEC-O-043-64', '', ''),
(866, 'LOC043160107', 121, 0, 'PECO04365', 'PEC-O-043-65', '', ''),
(867, 'LOC043160107', 121, 0, 'PECO04366', 'PEC-O-043-66', '', ''),
(868, 'LOC043160107', 121, 0, 'PECO04367', 'PEC-O-043-67', '', ''),
(869, 'LOC043160107', 121, 0, 'PECO04368', 'PEC-O-043-68', '', ''),
(870, 'LOC043160107', 121, 0, 'PECO04369', 'PEC-O-043-69', '', ''),
(871, 'LOC043160107', 121, 0, 'PECO04370', 'PEC-O-043-70', '', ''),
(872, 'LOC043160107', 121, 0, 'PECO04371', 'PEC-O-043-71', '', ''),
(873, 'LOC043160107', 121, 0, 'PECO04372', 'PEC-O-043-72', '', ''),
(874, 'LOC043160107', 121, 0, 'PECO04373', 'PEC-O-043-73', '', ''),
(875, 'LOC043160107', 121, 0, 'PECO04374', 'PEC-O-043-74', '', ''),
(876, 'LOC043160107', 121, 0, 'PECO04375', 'PEC-O-043-75', '', ''),
(877, 'LOC043160107', 121, 0, 'PECO04376', 'PEC-O-043-76', '', ''),
(878, 'LOC043160107', 121, 0, 'PECO04377', 'PEC-O-043-77', '', ''),
(879, 'LOC043160107', 121, 0, 'PECO04378', 'PEC-O-043-78', '', ''),
(880, 'LOC043160107', 121, 0, 'PECO04379', 'PEC-O-043-79', '', ''),
(881, 'LOC043160107', 121, 0, 'PECO04380', 'PEC-O-043-80', '', ''),
(882, 'LOC043160107', 121, 0, 'PECO04381', 'PEC-O-043-81', '', ''),
(883, 'LOC043160107', 121, 0, 'PECO04382', 'PEC-O-043-82', '', ''),
(884, 'LOC043160107', 121, 0, 'PECO04383', 'PEC-O-043-83', '', ''),
(885, 'LOC043160107', 121, 0, 'PECO04384', 'PEC-O-043-84', '', ''),
(886, 'LOC043160107', 121, 0, 'PECO04385', 'PEC-O-043-85', '', ''),
(887, 'LOC043160107', 121, 0, 'PECO04386', 'PEC-O-043-86', '', ''),
(888, 'LOC043160107', 121, 0, 'PECO04387', 'PEC-O-043-87', '', ''),
(889, 'LOC043160107', 121, 0, 'PECO04388', 'PEC-O-043-88', '', ''),
(890, 'LOC043160107', 121, 0, 'PECO04389', 'PEC-O-043-89', '', ''),
(891, 'LOC043160107', 121, 0, 'PECO04390', 'PEC-O-043-90', '', ''),
(892, 'LOC043160107', 121, 0, 'PECO04391', 'PEC-O-043-91', '', ''),
(893, 'LOC043160107', 121, 0, 'PECO04392', 'PEC-O-043-92', '', ''),
(894, 'LOC043160107', 121, 0, 'PECO04393', 'PEC-O-043-93', '', ''),
(895, 'LOC043160107', 121, 0, 'PECO04394', 'PEC-O-043-94', '', ''),
(896, 'LOC043160107', 121, 0, 'PECO04395', 'PEC-O-043-95', '', ''),
(897, 'LOC043160107', 121, 0, 'PECO04396', 'PEC-O-043-96', '', ''),
(898, 'LOC043160107', 121, 0, 'PECO04397', 'PEC-O-043-97', '', ''),
(899, 'LOC043160107', 122, 0, 'PHCO0430', 'PHC-O-043-0', '', ''),
(900, 'LOC043160107', 122, 0, 'PHCO0431', 'PHC-O-043-1', '', ''),
(901, 'LOC043160107', 123, 0, 'PRNO0430', 'PRN-O-043-0', '', ''),
(902, 'LOC043160107', 123, 0, 'PRNO0431', 'PRN-O-043-1', '', ''),
(903, 'LOC043160107', 123, 0, 'PRNO0432', 'PRN-O-043-2', '', ''),
(904, 'LOC043160107', 123, 0, 'PRNO0433', 'PRN-O-043-3', '', ''),
(905, 'LOC043160107', 124, 0, 'RTRO0430', 'RTR-O-043-0', '', ''),
(906, 'LOC043160107', 125, 0, 'SCNO0430', 'SCN-O-043-0', '', ''),
(907, 'LOC043160107', 126, 0, 'SRVO0430', 'SRV-O-043-0', '', ''),
(908, 'LOC043160107', 126, 0, 'SRVO0431', 'SRV-O-043-1', '', ''),
(909, 'LOC043160107', 127, 0, 'SVBO0430', 'SVB-O-043-0', '', ''),
(910, 'LOC043160107', 127, 0, 'SVBO0431', 'SVB-O-043-1', '', ''),
(911, 'LOC043160107', 128, 0, 'SGBO0430', 'SGB-O-043-0', '', ''),
(912, 'LOC043160107', 129, 0, 'SMDO0430', 'SMD-O-043-0', '', ''),
(913, 'LOC043160107', 129, 0, 'SMDO0431', 'SMD-O-043-1', '', ''),
(914, 'LOC043160107', 129, 0, 'SMDO0432', 'SMD-O-043-2', '', ''),
(915, 'LOC043160107', 129, 0, 'SMDO0433', 'SMD-O-043-3', '', ''),
(916, 'LOC043160107', 129, 0, 'SMDO0434', 'SMD-O-043-4', '', ''),
(917, 'LOC043160107', 129, 0, 'SMDO0435', 'SMD-O-043-5', '', ''),
(918, 'LOC043160107', 129, 0, 'SMDO0436', 'SMD-O-043-6', '', ''),
(919, 'LOC043160107', 129, 0, 'SMDO0437', 'SMD-O-043-7', '', ''),
(920, 'LOC043160107', 129, 0, 'SMDO0438', 'SMD-O-043-8', '', ''),
(921, 'LOC043160107', 129, 0, 'SMDO0439', 'SMD-O-043-9', '', ''),
(922, 'LOC043160107', 129, 0, 'SMDO04310', 'SMD-O-043-10', '', ''),
(923, 'LOC043160107', 129, 0, 'SMDO04311', 'SMD-O-043-11', '', ''),
(924, 'LOC043160107', 129, 0, 'SMDO04312', 'SMD-O-043-12', '', ''),
(925, 'LOC043160107', 129, 0, 'SMDO04313', 'SMD-O-043-13', '', ''),
(926, 'LOC043160107', 129, 0, 'SMDO04314', 'SMD-O-043-14', '', ''),
(927, 'LOC043160107', 129, 0, 'SMDO04315', 'SMD-O-043-15', '', ''),
(928, 'LOC043160107', 129, 0, 'SMDO04316', 'SMD-O-043-16', '', ''),
(929, 'LOC043160107', 129, 0, 'SMDO04317', 'SMD-O-043-17', '', ''),
(930, 'LOC043160107', 129, 0, 'SMDO04318', 'SMD-O-043-18', '', ''),
(931, 'LOC043160107', 129, 0, 'SMDO04319', 'SMD-O-043-19', '', ''),
(932, 'LOC043160107', 129, 0, 'SMDO04320', 'SMD-O-043-20', '', ''),
(933, 'LOC043160107', 129, 0, 'SMDO04321', 'SMD-O-043-21', '', ''),
(934, 'LOC043160107', 129, 0, 'SMDO04322', 'SMD-O-043-22', '', ''),
(935, 'LOC043160107', 129, 0, 'SMDO04323', 'SMD-O-043-23', '', ''),
(936, 'LOC043160107', 129, 0, 'SMDO04324', 'SMD-O-043-24', '', ''),
(937, 'LOC043160107', 129, 0, 'SMDO04325', 'SMD-O-043-25', '', ''),
(938, 'LOC043160107', 129, 0, 'SMDO04326', 'SMD-O-043-26', '', ''),
(939, 'LOC043160107', 129, 0, 'SMDO04327', 'SMD-O-043-27', '', ''),
(940, 'LOC043160107', 129, 0, 'SMDO04328', 'SMD-O-043-28', '', ''),
(941, 'LOC043160107', 130, 0, 'SFBO0430', 'SFB-O-043-0', '', ''),
(942, 'LOC043160107', 130, 0, 'SFBO0431', 'SFB-O-043-1', '', ''),
(943, 'LOC043160107', 130, 0, 'SFBO0432', 'SFB-O-043-2', '', ''),
(944, 'LOC043160107', 130, 0, 'SFBO0433', 'SFB-O-043-3', '', ''),
(945, 'LOC043160107', 130, 0, 'SFBO0434', 'SFB-O-043-4', '', ''),
(946, 'LOC043160107', 130, 0, 'SFBO0435', 'SFB-O-043-5', '', ''),
(947, 'LOC043160107', 130, 0, 'SFBO0436', 'SFB-O-043-6', '', ''),
(948, 'LOC043160107', 130, 0, 'SFBO0437', 'SFB-O-043-7', '', ''),
(949, 'LOC043160107', 130, 0, 'SFBO0438', 'SFB-O-043-8', '', ''),
(950, 'LOC043160107', 130, 0, 'SFBO0439', 'SFB-O-043-9', '', ''),
(951, 'LOC043160107', 130, 0, 'SFBO04310', 'SFB-O-043-10', '', ''),
(952, 'LOC043160107', 130, 0, 'SFBO04311', 'SFB-O-043-11', '', ''),
(953, 'LOC043160107', 130, 0, 'SFBO04312', 'SFB-O-043-12', '', ''),
(954, 'LOC043160107', 130, 0, 'SFBO04313', 'SFB-O-043-13', '', ''),
(955, 'LOC043160107', 130, 0, 'SFBO04314', 'SFB-O-043-14', '', ''),
(956, 'LOC043160107', 130, 0, 'SFBO04315', 'SFB-O-043-15', '', ''),
(957, 'LOC043160107', 130, 0, 'SFBO04316', 'SFB-O-043-16', '', ''),
(958, 'LOC043160107', 130, 0, 'SFBO04317', 'SFB-O-043-17', '', ''),
(959, 'LOC043160107', 130, 0, 'SFBO04318', 'SFB-O-043-18', '', ''),
(960, 'LOC043160107', 130, 0, 'SFBO04319', 'SFB-O-043-19', '', ''),
(961, 'LOC043160107', 130, 0, 'SFBO04320', 'SFB-O-043-20', '', ''),
(962, 'LOC043160107', 130, 0, 'SFBO04321', 'SFB-O-043-21', '', ''),
(963, 'LOC043160107', 130, 0, 'SFBO04322', 'SFB-O-043-22', '', ''),
(964, 'LOC043160107', 130, 0, 'SFBO04323', 'SFB-O-043-23', '', ''),
(965, 'LOC043160107', 130, 0, 'SFBO04324', 'SFB-O-043-24', '', ''),
(966, 'LOC043160107', 130, 0, 'SFBO04325', 'SFB-O-043-25', '', ''),
(967, 'LOC043160107', 130, 0, 'SFBO04326', 'SFB-O-043-26', '', ''),
(968, 'LOC043160107', 130, 0, 'SFBO04327', 'SFB-O-043-27', '', ''),
(969, 'LOC043160107', 130, 0, 'SFBO04328', 'SFB-O-043-28', '', ''),
(970, 'LOC043160107', 130, 0, 'SFBO04329', 'SFB-O-043-29', '', ''),
(971, 'LOC043160107', 130, 0, 'SFBO04330', 'SFB-O-043-30', '', ''),
(972, 'LOC043160107', 130, 0, 'SFBO04331', 'SFB-O-043-31', '', ''),
(973, 'LOC043160107', 130, 0, 'SFBO04332', 'SFB-O-043-32', '', ''),
(974, 'LOC043160107', 130, 0, 'SFBO04333', 'SFB-O-043-33', '', ''),
(975, 'LOC043160107', 130, 0, 'SFBO04334', 'SFB-O-043-34', '', ''),
(976, 'LOC043160107', 130, 0, 'SFBO04335', 'SFB-O-043-35', '', ''),
(977, 'LOC043160107', 130, 0, 'SFBO04336', 'SFB-O-043-36', '', ''),
(978, 'LOC043160107', 130, 0, 'SFBO04337', 'SFB-O-043-37', '', ''),
(979, 'LOC043160107', 130, 0, 'SFBO04338', 'SFB-O-043-38', '', ''),
(980, 'LOC043160107', 130, 0, 'SFBO04339', 'SFB-O-043-39', '', ''),
(981, 'LOC043160107', 130, 0, 'SFBO04340', 'SFB-O-043-40', '', ''),
(982, 'LOC043160107', 130, 0, 'SFBO04341', 'SFB-O-043-41', '', ''),
(983, 'LOC043160107', 130, 0, 'SFBO04342', 'SFB-O-043-42', '', ''),
(984, 'LOC043160107', 130, 0, 'SFBO04343', 'SFB-O-043-43', '', ''),
(985, 'LOC043160107', 130, 0, 'SFBO04344', 'SFB-O-043-44', '', ''),
(986, 'LOC043160107', 130, 0, 'SFBO04345', 'SFB-O-043-45', '', ''),
(987, 'LOC043160107', 130, 0, 'SFBO04346', 'SFB-O-043-46', '', ''),
(988, 'LOC043160107', 130, 0, 'SFBO04347', 'SFB-O-043-47', '', ''),
(989, 'LOC043160107', 130, 0, 'SFBO04348', 'SFB-O-043-48', '', ''),
(990, 'LOC043160107', 130, 0, 'SFBO04349', 'SFB-O-043-49', '', ''),
(991, 'LOC043160107', 130, 0, 'SFBO04350', 'SFB-O-043-50', '', ''),
(992, 'LOC043160107', 130, 0, 'SFBO04351', 'SFB-O-043-51', '', ''),
(993, 'LOC043160107', 130, 0, 'SFBO04352', 'SFB-O-043-52', '', ''),
(994, 'LOC043160107', 130, 0, 'SFBO04353', 'SFB-O-043-53', '', ''),
(995, 'LOC043160107', 130, 0, 'SFBO04354', 'SFB-O-043-54', '', ''),
(996, 'LOC043160107', 130, 0, 'SFBO04355', 'SFB-O-043-55', '', ''),
(997, 'LOC043160107', 130, 0, 'SFBO04356', 'SFB-O-043-56', '', ''),
(998, 'LOC043160107', 132, 0, 'SPKO0430', 'SPK-O-043-0', '', ''),
(999, 'LOC043160107', 132, 0, 'SPKO0431', 'SPK-O-043-1', '', ''),
(1000, 'LOC043160107', 133, 0, 'STRO0430', 'STR-O-043-0', '', ''),
(1001, 'LOC043160107', 134, 0, 'SWCO0430', 'SWC-O-043-0', '', ''),
(1002, 'LOC043160107', 135, 0, 'TABO0430', 'TAB-O-043-0', '', ''),
(1003, 'LOC043160107', 135, 0, 'TABO0431', 'TAB-O-043-1', '', ''),
(1004, 'LOC043160107', 135, 0, 'TABO0432', 'TAB-O-043-2', '', ''),
(1005, 'LOC043160107', 135, 0, 'TABO0433', 'TAB-O-043-3', '', ''),
(1006, 'LOC043160107', 135, 0, 'TABO0434', 'TAB-O-043-4', '', ''),
(1007, 'LOC043160107', 135, 0, 'TABO0435', 'TAB-O-043-5', '', ''),
(1008, 'LOC043160107', 135, 0, 'TABO0436', 'TAB-O-043-6', '', ''),
(1009, 'LOC043160107', 135, 0, 'TABO0437', 'TAB-O-043-7', '', ''),
(1010, 'LOC043160107', 135, 0, 'TABO0438', 'TAB-O-043-8', '', ''),
(1011, 'LOC043160107', 135, 0, 'TABO0439', 'TAB-O-043-9', '', ''),
(1012, 'LOC043160107', 135, 0, 'TABO04310', 'TAB-O-043-10', '', ''),
(1013, 'LOC043160107', 135, 0, 'TABO04311', 'TAB-O-043-11', '', ''),
(1014, 'LOC043160107', 135, 0, 'TABO04312', 'TAB-O-043-12', '', ''),
(1015, 'LOC043160107', 135, 0, 'TABO04313', 'TAB-O-043-13', '', ''),
(1016, 'LOC043160107', 135, 0, 'TABO04314', 'TAB-O-043-14', '', ''),
(1017, 'LOC043160107', 135, 0, 'TABO04315', 'TAB-O-043-15', '', ''),
(1018, 'LOC043160107', 135, 0, 'TABO04316', 'TAB-O-043-16', '', ''),
(1019, 'LOC043160107', 136, 0, 'TPSO0430', 'TPS-O-043-0', '', ''),
(1020, 'LOC043160107', 136, 0, 'TPSO0431', 'TPS-O-043-1', '', ''),
(1021, 'LOC043160107', 136, 0, 'TPSO0432', 'TPS-O-043-2', '', ''),
(1022, 'LOC043160107', 136, 0, 'TPSO0433', 'TPS-O-043-3', '', ''),
(1023, 'LOC043160107', 136, 0, 'TPSO0434', 'TPS-O-043-4', '', ''),
(1024, 'LOC043160107', 136, 0, 'TPSO0435', 'TPS-O-043-5', '', ''),
(1025, 'LOC043160107', 136, 0, 'TPSO0436', 'TPS-O-043-6', '', ''),
(1026, 'LOC043160107', 136, 0, 'TPSO0437', 'TPS-O-043-7', '', ''),
(1027, 'LOC043160107', 136, 0, 'TPSO0438', 'TPS-O-043-8', '', ''),
(1028, 'LOC043160107', 136, 0, 'TPSO0439', 'TPS-O-043-9', '', ''),
(1029, 'LOC043160107', 136, 0, 'TPSO04310', 'TPS-O-043-10', '', ''),
(1030, 'LOC043160107', 136, 0, 'TPSO04311', 'TPS-O-043-11', '', ''),
(1031, 'LOC043160107', 136, 0, 'TPSO04312', 'TPS-O-043-12', '', ''),
(1032, 'LOC043160107', 136, 0, 'TPSO04313', 'TPS-O-043-13', '', ''),
(1033, 'LOC043160107', 136, 0, 'TPSO04314', 'TPS-O-043-14', '', ''),
(1034, 'LOC043160107', 136, 0, 'TPSO04315', 'TPS-O-043-15', '', ''),
(1035, 'LOC043160107', 136, 0, 'TPSO04316', 'TPS-O-043-16', '', ''),
(1036, 'LOC043160107', 136, 0, 'TPSO04317', 'TPS-O-043-17', '', ''),
(1037, 'LOC043160107', 136, 0, 'TPSO04318', 'TPS-O-043-18', '', ''),
(1038, 'LOC043160107', 136, 0, 'TPSO04319', 'TPS-O-043-19', '', ''),
(1039, 'LOC043160107', 136, 0, 'TPSO04320', 'TPS-O-043-20', '', ''),
(1040, 'LOC043160107', 136, 0, 'TPSO04321', 'TPS-O-043-21', '', ''),
(1041, 'LOC043160107', 136, 0, 'TPSO04322', 'TPS-O-043-22', '', ''),
(1042, 'LOC043160107', 136, 0, 'TPSO04323', 'TPS-O-043-23', '', ''),
(1043, 'LOC043160107', 136, 0, 'TPSO04324', 'TPS-O-043-24', '', ''),
(1044, 'LOC043160107', 136, 0, 'TPSO04325', 'TPS-O-043-25', '', ''),
(1045, 'LOC043160107', 136, 0, 'TPSO04326', 'TPS-O-043-26', '', ''),
(1046, 'LOC043160107', 136, 0, 'TPSO04327', 'TPS-O-043-27', '', ''),
(1047, 'LOC043160107', 136, 0, 'TPSO04328', 'TPS-O-043-28', '', ''),
(1048, 'LOC043160107', 136, 0, 'TPSO04329', 'TPS-O-043-29', '', ''),
(1049, 'LOC043160107', 136, 0, 'TPSO04330', 'TPS-O-043-30', '', ''),
(1050, 'LOC043160107', 136, 0, 'TPSO04331', 'TPS-O-043-31', '', ''),
(1051, 'LOC043160107', 136, 0, 'TPSO04332', 'TPS-O-043-32', '', ''),
(1052, 'LOC043160107', 136, 0, 'TPSO04333', 'TPS-O-043-33', '', ''),
(1053, 'LOC043160107', 136, 0, 'TPSO04334', 'TPS-O-043-34', '', ''),
(1054, 'LOC043160107', 136, 0, 'TPSO04335', 'TPS-O-043-35', '', ''),
(1055, 'LOC043160107', 136, 0, 'TPSO04336', 'TPS-O-043-36', '', ''),
(1056, 'LOC043160107', 136, 0, 'TPSO04337', 'TPS-O-043-37', '', ''),
(1057, 'LOC043160107', 136, 0, 'TPSO04338', 'TPS-O-043-38', '', ''),
(1058, 'LOC043160107', 136, 0, 'TPSO04339', 'TPS-O-043-39', '', ''),
(1059, 'LOC043160107', 136, 0, 'TPSO04340', 'TPS-O-043-40', '', ''),
(1060, 'LOC043160107', 136, 0, 'TPSO04341', 'TPS-O-043-41', '', ''),
(1061, 'LOC043160107', 136, 0, 'TPSO04342', 'TPS-O-043-42', '', ''),
(1062, 'LOC043160107', 136, 0, 'TPSO04343', 'TPS-O-043-43', '', ''),
(1063, 'LOC043160107', 136, 0, 'TPSO04344', 'TPS-O-043-44', '', ''),
(1064, 'LOC043160107', 136, 0, 'TPSO04345', 'TPS-O-043-45', '', ''),
(1065, 'LOC043160107', 136, 0, 'TPSO04346', 'TPS-O-043-46', '', ''),
(1066, 'LOC043160107', 136, 0, 'TPSO04347', 'TPS-O-043-47', '', ''),
(1067, 'LOC043160107', 136, 0, 'TPSO04348', 'TPS-O-043-48', '', ''),
(1068, 'LOC043160107', 136, 0, 'TPSO04349', 'TPS-O-043-49', '', ''),
(1069, 'LOC043160107', 136, 0, 'TPSO04350', 'TPS-O-043-50', '', ''),
(1070, 'LOC043160107', 136, 0, 'TPSO04351', 'TPS-O-043-51', '', ''),
(1071, 'LOC043160107', 136, 0, 'TPSO04352', 'TPS-O-043-52', '', ''),
(1072, 'LOC043160107', 136, 0, 'TPSO04353', 'TPS-O-043-53', '', ''),
(1073, 'LOC043160107', 136, 0, 'TPSO04354', 'TPS-O-043-54', '', ''),
(1074, 'LOC043160107', 136, 0, 'TPSO04355', 'TPS-O-043-55', '', ''),
(1075, 'LOC043160107', 136, 0, 'TPSO04356', 'TPS-O-043-56', '', ''),
(1076, 'LOC043160107', 136, 0, 'TPSO04357', 'TPS-O-043-57', '', ''),
(1077, 'LOC043160107', 136, 0, 'TPSO04358', 'TPS-O-043-58', '', ''),
(1078, 'LOC043160107', 136, 0, 'TPSO04359', 'TPS-O-043-59', '', ''),
(1079, 'LOC043160107', 136, 0, 'TPSO04360', 'TPS-O-043-60', '', ''),
(1080, 'LOC043160107', 136, 0, 'TPSO04361', 'TPS-O-043-61', '', ''),
(1081, 'LOC043160107', 136, 0, 'TPSO04362', 'TPS-O-043-62', '', ''),
(1082, 'LOC043160107', 136, 0, 'TPSO04363', 'TPS-O-043-63', '', ''),
(1083, 'LOC043160107', 136, 0, 'TPSO04364', 'TPS-O-043-64', '', ''),
(1084, 'LOC043160107', 136, 0, 'TPSO04365', 'TPS-O-043-65', '', ''),
(1085, 'LOC043160107', 136, 0, 'TPSO04366', 'TPS-O-043-66', '', ''),
(1086, 'LOC043160107', 136, 0, 'TPSO04367', 'TPS-O-043-67', '', ''),
(1087, 'LOC043160107', 136, 0, 'TPSO04368', 'TPS-O-043-68', '', ''),
(1088, 'LOC043160107', 136, 0, 'TPSO04369', 'TPS-O-043-69', '', ''),
(1089, 'LOC043160107', 136, 0, 'TPSO04370', 'TPS-O-043-70', '', ''),
(1090, 'LOC043160107', 136, 0, 'TPSO04371', 'TPS-O-043-71', '', ''),
(1091, 'LOC043160107', 136, 0, 'TPSO04372', 'TPS-O-043-72', '', ''),
(1092, 'LOC043160107', 136, 0, 'TPSO04373', 'TPS-O-043-73', '', ''),
(1093, 'LOC043160107', 136, 0, 'TPSO04374', 'TPS-O-043-74', '', ''),
(1094, 'LOC043160107', 136, 0, 'TPSO04375', 'TPS-O-043-75', '', ''),
(1095, 'LOC043160107', 136, 0, 'TPSO04376', 'TPS-O-043-76', '', ''),
(1096, 'LOC043160107', 136, 0, 'TPSO04377', 'TPS-O-043-77', '', ''),
(1097, 'LOC043160107', 136, 0, 'TPSO04378', 'TPS-O-043-78', '', ''),
(1098, 'LOC043160107', 136, 0, 'TPSO04379', 'TPS-O-043-79', '', ''),
(1099, 'LOC043160107', 136, 0, 'TPSO04380', 'TPS-O-043-80', '', ''),
(1100, 'LOC043160107', 136, 0, 'TPSO04381', 'TPS-O-043-81', '', ''),
(1101, 'LOC043160107', 137, 0, 'TODO0430', 'TOD-O-043-0', '', ''),
(1102, 'LOC043160107', 138, 0, 'TDPO0430', 'TDP-O-043-0', '', ''),
(1103, 'LOC043160107', 139, 0, 'TRSO0430', 'TRS-O-043-0', '', ''),
(1104, 'LOC043160107', 139, 0, 'TRSO0431', 'TRS-O-043-1', '', ''),
(1105, 'LOC043160107', 140, 0, 'UPSO0430', 'UPS-O-043-0', '', ''),
(1106, 'LOC043160107', 141, 0, 'UPBO0430', 'UPB-O-043-0', '', ''),
(1107, 'LOC043160107', 141, 0, 'UPBO0431', 'UPB-O-043-1', '', ''),
(1108, 'LOC043160107', 141, 0, 'UPBO0432', 'UPB-O-043-2', '', ''),
(1109, 'LOC043160107', 141, 0, 'UPBO0433', 'UPB-O-043-3', '', ''),
(1110, 'LOC043160107', 141, 0, 'UPBO0434', 'UPB-O-043-4', '', ''),
(1111, 'LOC043160107', 141, 0, 'UPBO0435', 'UPB-O-043-5', '', ''),
(1112, 'LOC043160107', 141, 0, 'UPBO0436', 'UPB-O-043-6', '', ''),
(1113, 'LOC043160107', 141, 0, 'UPBO0437', 'UPB-O-043-7', '', ''),
(1114, 'LOC043160107', 141, 0, 'UPBO0438', 'UPB-O-043-8', '', ''),
(1115, 'LOC043160107', 141, 0, 'UPBO0439', 'UPB-O-043-9', '', ''),
(1116, 'LOC043160107', 141, 0, 'UPBO04310', 'UPB-O-043-10', '', ''),
(1117, 'LOC043160107', 141, 0, 'UPBO04311', 'UPB-O-043-11', '', ''),
(1118, 'LOC043160107', 141, 0, 'UPBO04312', 'UPB-O-043-12', '', ''),
(1119, 'LOC043160107', 141, 0, 'UPBO04313', 'UPB-O-043-13', '', ''),
(1120, 'LOC043160107', 141, 0, 'UPBO04314', 'UPB-O-043-14', '', ''),
(1121, 'LOC043160107', 141, 0, 'UPBO04315', 'UPB-O-043-15', '', ''),
(1122, 'LOC043160107', 141, 0, 'UPBO04316', 'UPB-O-043-16', '', ''),
(1123, 'LOC043160107', 141, 0, 'UPBO04317', 'UPB-O-043-17', '', ''),
(1124, 'LOC043160107', 141, 0, 'UPBO04318', 'UPB-O-043-18', '', ''),
(1125, 'LOC043160107', 141, 0, 'UPBO04319', 'UPB-O-043-19', '', ''),
(1126, 'LOC043160107', 141, 0, 'UPBO04320', 'UPB-O-043-20', '', ''),
(1127, 'LOC043160107', 141, 0, 'UPBO04321', 'UPB-O-043-21', '', ''),
(1128, 'LOC043160107', 141, 0, 'UPBO04322', 'UPB-O-043-22', '', ''),
(1129, 'LOC043160107', 141, 0, 'UPBO04323', 'UPB-O-043-23', '', ''),
(1130, 'LOC043160107', 141, 0, 'UPBO04324', 'UPB-O-043-24', '', ''),
(1131, 'LOC043160107', 141, 0, 'UPBO04325', 'UPB-O-043-25', '', ''),
(1132, 'LOC043160107', 141, 0, 'UPBO04326', 'UPB-O-043-26', '', ''),
(1133, 'LOC043160107', 141, 0, 'UPBO04327', 'UPB-O-043-27', '', ''),
(1134, 'LOC043160107', 141, 0, 'UPBO04328', 'UPB-O-043-28', '', ''),
(1135, 'LOC043160107', 141, 0, 'UPBO04329', 'UPB-O-043-29', '', ''),
(1136, 'LOC043160107', 141, 0, 'UPBO04330', 'UPB-O-043-30', '', ''),
(1137, 'LOC043160107', 141, 0, 'UPBO04331', 'UPB-O-043-31', '', ''),
(1138, 'LOC043160107', 141, 0, 'UPBO04332', 'UPB-O-043-32', '', ''),
(1139, 'LOC043160107', 141, 0, 'UPBO04333', 'UPB-O-043-33', '', ''),
(1140, 'LOC043160107', 141, 0, 'UPBO04334', 'UPB-O-043-34', '', ''),
(1141, 'LOC043160107', 141, 0, 'UPBO04335', 'UPB-O-043-35', '', ''),
(1142, 'LOC043160107', 141, 0, 'UPBO04336', 'UPB-O-043-36', '', ''),
(1143, 'LOC043160107', 141, 0, 'UPBO04337', 'UPB-O-043-37', '', ''),
(1144, 'LOC043160107', 141, 0, 'UPBO04338', 'UPB-O-043-38', '', ''),
(1145, 'LOC043160107', 141, 0, 'UPBO04339', 'UPB-O-043-39', '', ''),
(1146, 'LOC043160107', 142, 0, 'UBSO0430', 'UBS-O-043-0', '', ''),
(1147, 'LOC043160107', 142, 0, 'UBSO0431', 'UBS-O-043-1', '', ''),
(1148, 'LOC043160107', 144, 0, 'WCLO0430', 'WCL-O-043-0', '', ''),
(1149, 'LOC043160107', 144, 0, 'WCLO0431', 'WCL-O-043-1', '', ''),
(1150, 'LOC043160107', 145, 0, 'WHBO0430', 'WHB-O-043-0', '', ''),
(1151, 'LOC043160107', 145, 0, 'WHBO0431', 'WHB-O-043-1', '', ''),
(1152, 'LOC043160107', 145, 0, 'WHBO0432', 'WHB-O-043-2', '', ''),
(1153, 'LOC043160107', 145, 0, 'WHBO0433', 'WHB-O-043-3', '', ''),
(1154, 'LOC043160107', 145, 0, 'WHBO0434', 'WHB-O-043-4', '', ''),
(1155, 'LOC043160107', 145, 0, 'WHBO0435', 'WHB-O-043-5', '', ''),
(1156, 'LOC043160107', 145, 0, 'WHBO0436', 'WHB-O-043-6', '', ''),
(1157, 'LOC043160107', 145, 0, 'WHBO0437', 'WHB-O-043-7', '', ''),
(1158, 'LOC043160107', 146, 0, 'WOCO0430', 'WOC-O-043-0', '', ''),
(1159, 'LOC043160107', 146, 0, 'WOCO0431', 'WOC-O-043-1', '', ''),
(1160, 'LOC043160107', 146, 0, 'WOCO0432', 'WOC-O-043-2', '', ''),
(1161, 'LOC043160107', 146, 0, 'WOCO0433', 'WOC-O-043-3', '', ''),
(1162, 'LOC043160107', 146, 0, 'WOCO0434', 'WOC-O-043-4', '', ''),
(1163, 'LOC043160107', 146, 0, 'WOCO0435', 'WOC-O-043-5', '', ''),
(1164, 'LOC043160107', 146, 0, 'WOCO0436', 'WOC-O-043-6', '', ''),
(1165, 'LOC043160107', 146, 0, 'WOCO0437', 'WOC-O-043-7', '', ''),
(1166, 'LOC043160107', 146, 0, 'WOCO0438', 'WOC-O-043-8', '', ''),
(1167, 'LOC043160107', 146, 0, 'WOCO0439', 'WOC-O-043-9', '', ''),
(1168, 'LOC043160107', 146, 0, 'WOCO04310', 'WOC-O-043-10', '', ''),
(1169, 'LOC043160107', 146, 0, 'WOCO04311', 'WOC-O-043-11', '', ''),
(1170, 'LOC043160107', 146, 0, 'WOCO04312', 'WOC-O-043-12', '', ''),
(1171, 'LOC043160107', 146, 0, 'WOCO04313', 'WOC-O-043-13', '', ''),
(1172, 'LOC043160107', 146, 0, 'WOCO04314', 'WOC-O-043-14', '', ''),
(1173, 'LOC043160107', 146, 0, 'WOCO04315', 'WOC-O-043-15', '', ''),
(1174, 'LOC043160107', 146, 0, 'WOCO04316', 'WOC-O-043-16', '', ''),
(1175, 'LOC043160107', 146, 0, 'WOCO04317', 'WOC-O-043-17', '', ''),
(1176, 'LOC043160107', 146, 0, 'WOCO04318', 'WOC-O-043-18', '', ''),
(1177, 'LOC043160107', 147, 0, 'ACAR0430', 'ACA-R-043-0', '', ''),
(1178, 'LOC043160107', 147, 0, 'ACAR0431', 'ACA-R-043-1', '', ''),
(1179, 'LOC043160107', 147, 0, 'ACAR0432', 'ACA-R-043-2', '', ''),
(1180, 'LOC043160107', 147, 0, 'ACAR0433', 'ACA-R-043-3', '', ''),
(1181, 'LOC043160107', 147, 0, 'ACAR0434', 'ACA-R-043-4', '', ''),
(1182, 'LOC043160107', 147, 0, 'ACAR0435', 'ACA-R-043-5', '', ''),
(1183, 'LOC043160107', 147, 0, 'ACAR0436', 'ACA-R-043-6', '', ''),
(1184, 'LOC043160107', 147, 0, 'ACAR0437', 'ACA-R-043-7', '', ''),
(1185, 'LOC043160107', 147, 0, 'ACAR0438', 'ACA-R-043-8', '', ''),
(1186, 'LOC043160107', 147, 0, 'ACAR0439', 'ACA-R-043-9', '', ''),
(1187, 'LOC043160107', 147, 0, 'ACAR04310', 'ACA-R-043-10', '', ''),
(1188, 'LOC043160107', 147, 0, 'ACAR04311', 'ACA-R-043-11', '', ''),
(1189, 'LOC043160107', 147, 0, 'ACAR04312', 'ACA-R-043-12', '', ''),
(1190, 'LOC043160107', 147, 0, 'ACAR04313', 'ACA-R-043-13', '', ''),
(1191, 'LOC043160107', 147, 0, 'ACAR04314', 'ACA-R-043-14', '', ''),
(1192, 'LOC043160107', 147, 0, 'ACAR04315', 'ACA-R-043-15', '', ''),
(1193, 'LOC043160107', 148, 0, 'ARCR0430', 'ARC-R-043-0', '', ''),
(1194, 'LOC043160107', 148, 0, 'ARCR0431', 'ARC-R-043-1', '', ''),
(1195, 'LOC043160107', 148, 0, 'ARCR0432', 'ARC-R-043-2', '', ''),
(1196, 'LOC043160107', 148, 0, 'ARCR0433', 'ARC-R-043-3', '', ''),
(1197, 'LOC043160107', 148, 0, 'ARCR0434', 'ARC-R-043-4', '', ''),
(1198, 'LOC043160107', 148, 0, 'ARCR0435', 'ARC-R-043-5', '', ''),
(1199, 'LOC043160107', 148, 0, 'ARCR0436', 'ARC-R-043-6', '', ''),
(1200, 'LOC043160107', 148, 0, 'ARCR0437', 'ARC-R-043-7', '', ''),
(1201, 'LOC043160107', 148, 0, 'ARCR0438', 'ARC-R-043-8', '', ''),
(1202, 'LOC043160107', 148, 0, 'ARCR0439', 'ARC-R-043-9', '', ''),
(1203, 'LOC043160107', 148, 0, 'ARCR04310', 'ARC-R-043-10', '', ''),
(1204, 'LOC043160107', 148, 0, 'ARCR04311', 'ARC-R-043-11', '', ''),
(1205, 'LOC043160107', 148, 0, 'ARCR04312', 'ARC-R-043-12', '', ''),
(1206, 'LOC043160107', 148, 0, 'ARCR04313', 'ARC-R-043-13', '', ''),
(1207, 'LOC043160107', 148, 0, 'ARCR04314', 'ARC-R-043-14', '', ''),
(1208, 'LOC043160107', 148, 0, 'ARCR04315', 'ARC-R-043-15', '', ''),
(1209, 'LOC043160107', 148, 0, 'ARCR04316', 'ARC-R-043-16', '', ''),
(1210, 'LOC043160107', 148, 0, 'ARCR04317', 'ARC-R-043-17', '', ''),
(1211, 'LOC043160107', 148, 0, 'ARCR04318', 'ARC-R-043-18', '', ''),
(1212, 'LOC043160107', 148, 0, 'ARCR04319', 'ARC-R-043-19', '', ''),
(1213, 'LOC043160107', 148, 0, 'ARCR04320', 'ARC-R-043-20', '', ''),
(1214, 'LOC043160107', 148, 0, 'ARCR04321', 'ARC-R-043-21', '', ''),
(1215, 'LOC043160107', 148, 0, 'ARCR04322', 'ARC-R-043-22', '', ''),
(1216, 'LOC043160107', 148, 0, 'ARCR04323', 'ARC-R-043-23', '', ''),
(1217, 'LOC043160107', 148, 0, 'ARCR04324', 'ARC-R-043-24', '', ''),
(1218, 'LOC043160107', 148, 0, 'ARCR04325', 'ARC-R-043-25', '', ''),
(1219, 'LOC043160107', 148, 0, 'ARCR04326', 'ARC-R-043-26', '', ''),
(1220, 'LOC043160107', 148, 0, 'ARCR04327', 'ARC-R-043-27', '', ''),
(1221, 'LOC043160107', 148, 0, 'ARCR04328', 'ARC-R-043-28', '', ''),
(1222, 'LOC043160107', 148, 0, 'ARCR04329', 'ARC-R-043-29', '', ''),
(1223, 'LOC043160107', 148, 0, 'ARCR04330', 'ARC-R-043-30', '', ''),
(1224, 'LOC043160107', 148, 0, 'ARCR04331', 'ARC-R-043-31', '', ''),
(1225, 'LOC043160107', 148, 0, 'ARCR04332', 'ARC-R-043-32', '', ''),
(1226, 'LOC043160107', 149, 0, 'CHRR0430', 'CHR-R-043-0', '', ''),
(1227, 'LOC043160107', 149, 0, 'CHRR0431', 'CHR-R-043-1', '', ''),
(1228, 'LOC043160107', 149, 0, 'CHRR0432', 'CHR-R-043-2', '', ''),
(1229, 'LOC043160107', 149, 0, 'CHRR0433', 'CHR-R-043-3', '', ''),
(1230, 'LOC043160107', 149, 0, 'CHRR0434', 'CHR-R-043-4', '', ''),
(1231, 'LOC043160107', 149, 0, 'CHRR0435', 'CHR-R-043-5', '', ''),
(1232, 'LOC043160107', 149, 0, 'CHRR0436', 'CHR-R-043-6', '', ''),
(1233, 'LOC043160107', 149, 0, 'CHRR0437', 'CHR-R-043-7', '', ''),
(1234, 'LOC043160107', 149, 0, 'CHRR0438', 'CHR-R-043-8', '', ''),
(1235, 'LOC043160107', 149, 0, 'CHRR0439', 'CHR-R-043-9', '', ''),
(1236, 'LOC043160107', 149, 0, 'CHRR04310', 'CHR-R-043-10', '', ''),
(1237, 'LOC043160107', 149, 0, 'CHRR04311', 'CHR-R-043-11', '', ''),
(1238, 'LOC043160107', 149, 0, 'CHRR04312', 'CHR-R-043-12', '', ''),
(1239, 'LOC043160107', 149, 0, 'CHRR04313', 'CHR-R-043-13', '', ''),
(1240, 'LOC043160107', 149, 0, 'CHRR04314', 'CHR-R-043-14', '', ''),
(1241, 'LOC043160107', 149, 0, 'CHRR04315', 'CHR-R-043-15', '', ''),
(1242, 'LOC043160107', 149, 0, 'CHRR04316', 'CHR-R-043-16', '', ''),
(1243, 'LOC043160107', 149, 0, 'CHRR04317', 'CHR-R-043-17', '', ''),
(1244, 'LOC043160107', 149, 0, 'CHRR04318', 'CHR-R-043-18', '', ''),
(1245, 'LOC043160107', 149, 0, 'CHRR04319', 'CHR-R-043-19', '', ''),
(1246, 'LOC043160107', 149, 0, 'CHRR04320', 'CHR-R-043-20', '', ''),
(1247, 'LOC043160107', 149, 0, 'CHRR04321', 'CHR-R-043-21', '', ''),
(1248, 'LOC043160107', 149, 0, 'CHRR04322', 'CHR-R-043-22', '', ''),
(1249, 'LOC043160107', 149, 0, 'CHRR04323', 'CHR-R-043-23', '', ''),
(1250, 'LOC043160107', 149, 0, 'CHRR04324', 'CHR-R-043-24', '', ''),
(1251, 'LOC043160107', 149, 0, 'CHRR04325', 'CHR-R-043-25', '', ''),
(1252, 'LOC043160107', 149, 0, 'CHRR04326', 'CHR-R-043-26', '', ''),
(1253, 'LOC043160107', 149, 0, 'CHRR04327', 'CHR-R-043-27', '', ''),
(1254, 'LOC043160107', 149, 0, 'CHRR04328', 'CHR-R-043-28', '', ''),
(1255, 'LOC043160107', 149, 0, 'CHRR04329', 'CHR-R-043-29', '', ''),
(1256, 'LOC043160107', 149, 0, 'CHRR04330', 'CHR-R-043-30', '', ''),
(1257, 'LOC043160107', 149, 0, 'CHRR04331', 'CHR-R-043-31', '', ''),
(1258, 'LOC043160107', 149, 0, 'CHRR04332', 'CHR-R-043-32', '', ''),
(1259, 'LOC043160107', 149, 0, 'CHRR04333', 'CHR-R-043-33', '', ''),
(1260, 'LOC043160107', 149, 0, 'CHRR04334', 'CHR-R-043-34', '', ''),
(1261, 'LOC043160107', 149, 0, 'CHRR04335', 'CHR-R-043-35', '', ''),
(1262, 'LOC043160107', 149, 0, 'CHRR04336', 'CHR-R-043-36', '', ''),
(1263, 'LOC043160107', 149, 0, 'CHRR04337', 'CHR-R-043-37', '', ''),
(1264, 'LOC043160107', 149, 0, 'CHRR04338', 'CHR-R-043-38', '', ''),
(1265, 'LOC043160107', 149, 0, 'CHRR04339', 'CHR-R-043-39', '', ''),
(1266, 'LOC043160107', 149, 0, 'CHRR04340', 'CHR-R-043-40', '', ''),
(1267, 'LOC043160107', 149, 0, 'CHRR04341', 'CHR-R-043-41', '', ''),
(1268, 'LOC043160107', 149, 0, 'CHRR04342', 'CHR-R-043-42', '', ''),
(1269, 'LOC043160107', 149, 0, 'CHRR04343', 'CHR-R-043-43', '', ''),
(1270, 'LOC043160107', 149, 0, 'CHRR04344', 'CHR-R-043-44', '', ''),
(1271, 'LOC043160107', 150, 0, 'FXMR0430', 'FXM-R-043-0', '', ''),
(1272, 'LOC043160107', 150, 0, 'FXMR0431', 'FXM-R-043-1', '', ''),
(1273, 'LOC043160107', 151, 0, 'INSR0430', 'INS-R-043-0', '', ''),
(1274, 'LOC043160107', 152, 0, 'MODR0430', 'MOD-R-043-0', '', ''),
(1275, 'LOC043160107', 152, 0, 'MODR0431', 'MOD-R-043-1', '', ''),
(1276, 'LOC043160107', 152, 0, 'MODR0432', 'MOD-R-043-2', '', ''),
(1277, 'LOC043160107', 152, 0, 'MODR0433', 'MOD-R-043-3', '', ''),
(1278, 'LOC043160107', 152, 0, 'MODR0434', 'MOD-R-043-4', '', ''),
(1279, 'LOC043160107', 152, 0, 'MODR0435', 'MOD-R-043-5', '', ''),
(1280, 'LOC043160107', 152, 0, 'MODR0436', 'MOD-R-043-6', '', ''),
(1281, 'LOC043160107', 152, 0, 'MODR0437', 'MOD-R-043-7', '', ''),
(1282, 'LOC043160107', 152, 0, 'MODR0438', 'MOD-R-043-8', '', ''),
(1283, 'LOC043160107', 152, 0, 'MODR0439', 'MOD-R-043-9', '', ''),
(1284, 'LOC043160107', 152, 0, 'MODR04310', 'MOD-R-043-10', '', ''),
(1285, 'LOC043160107', 152, 0, 'MODR04311', 'MOD-R-043-11', '', ''),
(1286, 'LOC043160107', 152, 0, 'MODR04312', 'MOD-R-043-12', '', ''),
(1287, 'LOC043160107', 152, 0, 'MODR04313', 'MOD-R-043-13', '', ''),
(1288, 'LOC043160107', 152, 0, 'MODR04314', 'MOD-R-043-14', '', ''),
(1289, 'LOC043160107', 152, 0, 'MODR04315', 'MOD-R-043-15', '', ''),
(1290, 'LOC043160107', 152, 0, 'MODR04316', 'MOD-R-043-16', '', ''),
(1291, 'LOC043160107', 152, 0, 'MODR04317', 'MOD-R-043-17', '', ''),
(1292, 'LOC043160107', 152, 0, 'MODR04318', 'MOD-R-043-18', '', ''),
(1293, 'LOC043160107', 152, 0, 'MODR04319', 'MOD-R-043-19', '', ''),
(1294, 'LOC043160107', 152, 0, 'MODR04320', 'MOD-R-043-20', '', ''),
(1295, 'LOC043160107', 152, 0, 'MODR04321', 'MOD-R-043-21', '', ''),
(1296, 'LOC043160107', 152, 0, 'MODR04322', 'MOD-R-043-22', '', ''),
(1297, 'LOC043160107', 152, 0, 'MODR04323', 'MOD-R-043-23', '', ''),
(1298, 'LOC043160107', 152, 0, 'MODR04324', 'MOD-R-043-24', '', ''),
(1299, 'LOC043160107', 152, 0, 'MODR04325', 'MOD-R-043-25', '', ''),
(1300, 'LOC043160107', 152, 0, 'MODR04326', 'MOD-R-043-26', '', ''),
(1301, 'LOC043160107', 152, 0, 'MODR04327', 'MOD-R-043-27', '', ''),
(1302, 'LOC043160107', 152, 0, 'MODR04328', 'MOD-R-043-28', '', ''),
(1303, 'LOC043160107', 152, 0, 'MODR04329', 'MOD-R-043-29', '', ''),
(1304, 'LOC043160107', 152, 0, 'MODR04330', 'MOD-R-043-30', '', ''),
(1305, 'LOC043160107', 152, 0, 'MODR04331', 'MOD-R-043-31', '', ''),
(1306, 'LOC043160107', 152, 0, 'MODR04332', 'MOD-R-043-32', '', ''),
(1307, 'LOC043160107', 152, 0, 'MODR04333', 'MOD-R-043-33', '', ''),
(1308, 'LOC043160107', 152, 0, 'MODR04334', 'MOD-R-043-34', '', ''),
(1309, 'LOC043160107', 152, 0, 'MODR04335', 'MOD-R-043-35', '', ''),
(1310, 'LOC043160107', 152, 0, 'MODR04336', 'MOD-R-043-36', '', ''),
(1311, 'LOC043160107', 152, 0, 'MODR04337', 'MOD-R-043-37', '', ''),
(1312, 'LOC043160107', 152, 0, 'MODR04338', 'MOD-R-043-38', '', ''),
(1313, 'LOC043160107', 152, 0, 'MODR04339', 'MOD-R-043-39', '', ''),
(1314, 'LOC043160107', 152, 0, 'MODR04340', 'MOD-R-043-40', '', ''),
(1315, 'LOC043160107', 152, 0, 'MODR04341', 'MOD-R-043-41', '', ''),
(1316, 'LOC043160107', 152, 0, 'MODR04342', 'MOD-R-043-42', '', ''),
(1317, 'LOC043160107', 152, 0, 'MODR04343', 'MOD-R-043-43', '', ''),
(1318, 'LOC043160107', 152, 0, 'MODR04344', 'MOD-R-043-44', '', ''),
(1319, 'LOC043160107', 152, 0, 'MODR04345', 'MOD-R-043-45', '', ''),
(1320, 'LOC043160107', 152, 0, 'MODR04346', 'MOD-R-043-46', '', ''),
(1321, 'LOC043160107', 152, 0, 'MODR04347', 'MOD-R-043-47', '', ''),
(1322, 'LOC043160107', 152, 0, 'MODR04348', 'MOD-R-043-48', '', ''),
(1323, 'LOC043160107', 152, 0, 'MODR04349', 'MOD-R-043-49', '', ''),
(1324, 'LOC043160107', 152, 0, 'MODR04350', 'MOD-R-043-50', '', ''),
(1325, 'LOC043160107', 152, 0, 'MODR04351', 'MOD-R-043-51', '', ''),
(1326, 'LOC043160107', 152, 0, 'MODR04352', 'MOD-R-043-52', '', ''),
(1327, 'LOC043160107', 152, 0, 'MODR04353', 'MOD-R-043-53', '', ''),
(1328, 'LOC043160107', 152, 0, 'MODR04354', 'MOD-R-043-54', '', ''),
(1329, 'LOC043160107', 152, 0, 'MODR04355', 'MOD-R-043-55', '', ''),
(1330, 'LOC043160107', 152, 0, 'MODR04356', 'MOD-R-043-56', '', ''),
(1331, 'LOC043160107', 152, 0, 'MODR04357', 'MOD-R-043-57', '', ''),
(1332, 'LOC043160107', 152, 0, 'MODR04358', 'MOD-R-043-58', '', ''),
(1333, 'LOC043160107', 152, 0, 'MODR04359', 'MOD-R-043-59', '', ''),
(1334, 'LOC043160107', 152, 0, 'MODR04360', 'MOD-R-043-60', '', ''),
(1335, 'LOC043160107', 152, 0, 'MODR04361', 'MOD-R-043-61', '', ''),
(1336, 'LOC043160107', 152, 0, 'MODR04362', 'MOD-R-043-62', '', ''),
(1337, 'LOC043160107', 152, 0, 'MODR04363', 'MOD-R-043-63', '', ''),
(1338, 'LOC043160107', 152, 0, 'MODR04364', 'MOD-R-043-64', '', ''),
(1339, 'LOC043160107', 152, 0, 'MODR04365', 'MOD-R-043-65', '', ''),
(1340, 'LOC043160107', 152, 0, 'MODR04366', 'MOD-R-043-66', '', ''),
(1341, 'LOC043160107', 152, 0, 'MODR04367', 'MOD-R-043-67', '', ''),
(1342, 'LOC043160107', 152, 0, 'MODR04368', 'MOD-R-043-68', '', ''),
(1343, 'LOC043160107', 152, 0, 'MODR04369', 'MOD-R-043-69', '', ''),
(1344, 'LOC043160107', 152, 0, 'MODR04370', 'MOD-R-043-70', '', ''),
(1345, 'LOC043160107', 152, 0, 'MODR04371', 'MOD-R-043-71', '', ''),
(1346, 'LOC043160107', 152, 0, 'MODR04372', 'MOD-R-043-72', '', ''),
(1347, 'LOC043160107', 152, 0, 'MODR04373', 'MOD-R-043-73', '', ''),
(1348, 'LOC043160107', 152, 0, 'MODR04374', 'MOD-R-043-74', '', ''),
(1349, 'LOC043160107', 152, 0, 'MODR04375', 'MOD-R-043-75', '', ''),
(1350, 'LOC043160107', 152, 0, 'MODR04376', 'MOD-R-043-76', '', ''),
(1351, 'LOC043160107', 152, 0, 'MODR04377', 'MOD-R-043-77', '', ''),
(1352, 'LOC043160107', 152, 0, 'MODR04378', 'MOD-R-043-78', '', ''),
(1353, 'LOC043160107', 152, 0, 'MODR04379', 'MOD-R-043-79', '', ''),
(1354, 'LOC043160107', 152, 0, 'MODR04380', 'MOD-R-043-80', '', ''),
(1355, 'LOC043160107', 152, 0, 'MODR04381', 'MOD-R-043-81', '', ''),
(1356, 'LOC043160107', 152, 0, 'MODR04382', 'MOD-R-043-82', '', ''),
(1357, 'LOC043160107', 152, 0, 'MODR04383', 'MOD-R-043-83', '', ''),
(1358, 'LOC043160107', 152, 0, 'MODR04384', 'MOD-R-043-84', '', ''),
(1359, 'LOC043160107', 152, 0, 'MODR04385', 'MOD-R-043-85', '', ''),
(1360, 'LOC043160107', 152, 0, 'MODR04386', 'MOD-R-043-86', '', ''),
(1361, 'LOC043160107', 152, 0, 'MODR04387', 'MOD-R-043-87', '', ''),
(1362, 'LOC043160107', 152, 0, 'MODR04388', 'MOD-R-043-88', '', ''),
(1363, 'LOC043160107', 152, 0, 'MODR04389', 'MOD-R-043-89', '', ''),
(1364, 'LOC043160107', 152, 0, 'MODR04390', 'MOD-R-043-90', '', ''),
(1365, 'LOC043160107', 152, 0, 'MODR04391', 'MOD-R-043-91', '', ''),
(1366, 'LOC043160107', 152, 0, 'MODR04392', 'MOD-R-043-92', '', ''),
(1367, 'LOC043160107', 152, 0, 'MODR04393', 'MOD-R-043-93', '', ''),
(1368, 'LOC043160107', 152, 0, 'MODR04394', 'MOD-R-043-94', '', ''),
(1369, 'LOC043160107', 152, 0, 'MODR04395', 'MOD-R-043-95', '', ''),
(1370, 'LOC043160107', 152, 0, 'MODR04396', 'MOD-R-043-96', '', ''),
(1371, 'LOC043160107', 152, 0, 'MODR04397', 'MOD-R-043-97', '', ''),
(1372, 'LOC043160107', 152, 0, 'MODR04398', 'MOD-R-043-98', '', ''),
(1373, 'LOC043160107', 152, 0, 'MODR04399', 'MOD-R-043-99', '', ''),
(1374, 'LOC043160107', 152, 0, 'MODR043100', 'MOD-R-043-100', '', ''),
(1375, 'LOC043160107', 152, 0, 'MODR043101', 'MOD-R-043-101', '', ''),
(1376, 'LOC043160107', 152, 0, 'MODR043102', 'MOD-R-043-102', '', ''),
(1377, 'LOC043160107', 152, 0, 'MODR043103', 'MOD-R-043-103', '', ''),
(1378, 'LOC043160107', 152, 0, 'MODR043104', 'MOD-R-043-104', '', ''),
(1379, 'LOC043160107', 152, 0, 'MODR043105', 'MOD-R-043-105', '', ''),
(1380, 'LOC043160107', 152, 0, 'MODR043106', 'MOD-R-043-106', '', ''),
(1381, 'LOC043160107', 152, 0, 'MODR043107', 'MOD-R-043-107', '', ''),
(1382, 'LOC043160107', 152, 0, 'MODR043108', 'MOD-R-043-108', '', ''),
(1383, 'LOC043160107', 152, 0, 'MODR043109', 'MOD-R-043-109', '', ''),
(1384, 'LOC043160107', 152, 0, 'MODR043110', 'MOD-R-043-110', '', ''),
(1385, 'LOC043160107', 152, 0, 'MODR043111', 'MOD-R-043-111', '', ''),
(1386, 'LOC043160107', 152, 0, 'MODR043112', 'MOD-R-043-112', '', ''),
(1387, 'LOC043160107', 152, 0, 'MODR043113', 'MOD-R-043-113', '', ''),
(1388, 'LOC043160107', 152, 0, 'MODR043114', 'MOD-R-043-114', '', ''),
(1389, 'LOC043160107', 152, 0, 'MODR043115', 'MOD-R-043-115', '', ''),
(1390, 'LOC043160107', 152, 0, 'MODR043116', 'MOD-R-043-116', '', ''),
(1391, 'LOC043160107', 152, 0, 'MODR043117', 'MOD-R-043-117', '', ''),
(1392, 'LOC043160107', 152, 0, 'MODR043118', 'MOD-R-043-118', '', ''),
(1393, 'LOC043160107', 152, 0, 'MODR043119', 'MOD-R-043-119', '', ''),
(1394, 'LOC043160107', 152, 0, 'MODR043120', 'MOD-R-043-120', '', ''),
(1395, 'LOC043160107', 152, 0, 'MODR043121', 'MOD-R-043-121', '', ''),
(1396, 'LOC043160107', 152, 0, 'MODR043122', 'MOD-R-043-122', '', ''),
(1397, 'LOC043160107', 152, 0, 'MODR043123', 'MOD-R-043-123', '', ''),
(1398, 'LOC043160107', 152, 0, 'MODR043124', 'MOD-R-043-124', '', ''),
(1399, 'LOC043160107', 152, 0, 'MODR043125', 'MOD-R-043-125', '', ''),
(1400, 'LOC043160107', 152, 0, 'MODR043126', 'MOD-R-043-126', '', ''),
(1401, 'LOC043160107', 152, 0, 'MODR043127', 'MOD-R-043-127', '', ''),
(1402, 'LOC043160107', 152, 0, 'MODR043128', 'MOD-R-043-128', '', ''),
(1403, 'LOC043160107', 152, 0, 'MODR043129', 'MOD-R-043-129', '', ''),
(1404, 'LOC043160107', 152, 0, 'MODR043130', 'MOD-R-043-130', '', ''),
(1405, 'LOC043160107', 152, 0, 'MODR043131', 'MOD-R-043-131', '', ''),
(1406, 'LOC043160107', 152, 0, 'MODR043132', 'MOD-R-043-132', '', ''),
(1407, 'LOC043160107', 152, 0, 'MODR043133', 'MOD-R-043-133', '', ''),
(1408, 'LOC043160107', 152, 0, 'MODR043134', 'MOD-R-043-134', '', ''),
(1409, 'LOC043160107', 152, 0, 'MODR043135', 'MOD-R-043-135', '', ''),
(1410, 'LOC043160107', 152, 0, 'MODR043136', 'MOD-R-043-136', '', ''),
(1411, 'LOC043160107', 152, 0, 'MODR043137', 'MOD-R-043-137', '', ''),
(1412, 'LOC043160107', 152, 0, 'MODR043138', 'MOD-R-043-138', '', ''),
(1413, 'LOC043160107', 152, 0, 'MODR043139', 'MOD-R-043-139', '', ''),
(1414, 'LOC043160107', 152, 0, 'MODR043140', 'MOD-R-043-140', '', ''),
(1415, 'LOC043160107', 152, 0, 'MODR043141', 'MOD-R-043-141', '', ''),
(1416, 'LOC043160107', 152, 0, 'MODR043142', 'MOD-R-043-142', '', ''),
(1417, 'LOC043160107', 152, 0, 'MODR043143', 'MOD-R-043-143', '', ''),
(1418, 'LOC043160107', 152, 0, 'MODR043144', 'MOD-R-043-144', '', ''),
(1419, 'LOC043160107', 152, 0, 'MODR043145', 'MOD-R-043-145', '', ''),
(1420, 'LOC043160107', 152, 0, 'MODR043146', 'MOD-R-043-146', '', ''),
(1421, 'LOC043160107', 152, 0, 'MODR043147', 'MOD-R-043-147', '', ''),
(1422, 'LOC043160107', 152, 0, 'MODR043148', 'MOD-R-043-148', '', ''),
(1423, 'LOC043160107', 152, 0, 'MODR043149', 'MOD-R-043-149', '', ''),
(1424, 'LOC043160107', 152, 0, 'MODR043150', 'MOD-R-043-150', '', ''),
(1425, 'LOC043160107', 152, 0, 'MODR043151', 'MOD-R-043-151', '', ''),
(1426, 'LOC043160107', 152, 0, 'MODR043152', 'MOD-R-043-152', '', ''),
(1427, 'LOC043160107', 152, 0, 'MODR043153', 'MOD-R-043-153', '', ''),
(1428, 'LOC043160107', 152, 0, 'MODR043154', 'MOD-R-043-154', '', ''),
(1429, 'LOC043160107', 152, 0, 'MODR043155', 'MOD-R-043-155', '', ''),
(1430, 'LOC043160107', 152, 0, 'MODR043156', 'MOD-R-043-156', '', ''),
(1431, 'LOC043160107', 152, 0, 'MODR043157', 'MOD-R-043-157', '', ''),
(1432, 'LOC043160107', 152, 0, 'MODR043158', 'MOD-R-043-158', '', ''),
(1433, 'LOC043160107', 152, 0, 'MODR043159', 'MOD-R-043-159', '', ''),
(1434, 'LOC043160107', 152, 0, 'MODR043160', 'MOD-R-043-160', '', ''),
(1435, 'LOC043160107', 152, 0, 'MODR043161', 'MOD-R-043-161', '', ''),
(1436, 'LOC043160107', 152, 0, 'MODR043162', 'MOD-R-043-162', '', ''),
(1437, 'LOC043160107', 152, 0, 'MODR043163', 'MOD-R-043-163', '', ''),
(1438, 'LOC043160107', 153, 0, 'MOFR0430', 'MOF-R-043-0', '', ''),
(1439, 'LOC043160107', 153, 0, 'MOFR0431', 'MOF-R-043-1', '', ''),
(1440, 'LOC043160107', 153, 0, 'MOFR0432', 'MOF-R-043-2', '', ''),
(1441, 'LOC043160107', 153, 0, 'MOFR0433', 'MOF-R-043-3', '', ''),
(1442, 'LOC043160107', 153, 0, 'MOFR0434', 'MOF-R-043-4', '', ''),
(1443, 'LOC043160107', 153, 0, 'MOFR0435', 'MOF-R-043-5', '', ''),
(1444, 'LOC043160107', 153, 0, 'MOFR0436', 'MOF-R-043-6', '', ''),
(1445, 'LOC043160107', 153, 0, 'MOFR0437', 'MOF-R-043-7', '', ''),
(1446, 'LOC043160107', 153, 0, 'MOFR0438', 'MOF-R-043-8', '', ''),
(1447, 'LOC043160107', 153, 0, 'MOFR0439', 'MOF-R-043-9', '', ''),
(1448, 'LOC043160107', 153, 0, 'MOFR04310', 'MOF-R-043-10', '', ''),
(1449, 'LOC043160107', 153, 0, 'MOFR04311', 'MOF-R-043-11', '', ''),
(1450, 'LOC043160107', 153, 0, 'MOFR04312', 'MOF-R-043-12', '', ''),
(1451, 'LOC043160107', 153, 0, 'MOFR04313', 'MOF-R-043-13', '', ''),
(1452, 'LOC043160107', 153, 0, 'MOFR04314', 'MOF-R-043-14', '', ''),
(1453, 'LOC043160107', 153, 0, 'MOFR04315', 'MOF-R-043-15', '', ''),
(1454, 'LOC043160107', 153, 0, 'MOFR04316', 'MOF-R-043-16', '', ''),
(1455, 'LOC043160107', 153, 0, 'MOFR04317', 'MOF-R-043-17', '', ''),
(1456, 'LOC043160107', 153, 0, 'MOFR04318', 'MOF-R-043-18', '', ''),
(1457, 'LOC043160107', 153, 0, 'MOFR04319', 'MOF-R-043-19', '', ''),
(1458, 'LOC043160107', 153, 0, 'MOFR04320', 'MOF-R-043-20', '', ''),
(1459, 'LOC043160107', 153, 0, 'MOFR04321', 'MOF-R-043-21', '', ''),
(1460, 'LOC043160107', 153, 0, 'MOFR04322', 'MOF-R-043-22', '', ''),
(1461, 'LOC043160107', 153, 0, 'MOFR04323', 'MOF-R-043-23', '', ''),
(1462, 'LOC043160107', 153, 0, 'MOFR04324', 'MOF-R-043-24', '', ''),
(1463, 'LOC043160107', 153, 0, 'MOFR04325', 'MOF-R-043-25', '', ''),
(1464, 'LOC043160107', 153, 0, 'MOFR04326', 'MOF-R-043-26', '', ''),
(1465, 'LOC043160107', 153, 0, 'MOFR04327', 'MOF-R-043-27', '', ''),
(1466, 'LOC043160107', 153, 0, 'MOFR04328', 'MOF-R-043-28', '', ''),
(1467, 'LOC043160107', 153, 0, 'MOFR04329', 'MOF-R-043-29', '', ''),
(1468, 'LOC043160107', 153, 0, 'MOFR04330', 'MOF-R-043-30', '', ''),
(1469, 'LOC043160107', 153, 0, 'MOFR04331', 'MOF-R-043-31', '', ''),
(1470, 'LOC043160107', 153, 0, 'MOFR04332', 'MOF-R-043-32', '', ''),
(1471, 'LOC043160107', 153, 0, 'MOFR04333', 'MOF-R-043-33', '', ''),
(1472, 'LOC043160107', 153, 0, 'MOFR04334', 'MOF-R-043-34', '', ''),
(1473, 'LOC043160107', 153, 0, 'MOFR04335', 'MOF-R-043-35', '', ''),
(1474, 'LOC043160107', 153, 0, 'MOFR04336', 'MOF-R-043-36', '', ''),
(1475, 'LOC043160107', 153, 0, 'MOFR04337', 'MOF-R-043-37', '', ''),
(1476, 'LOC043160107', 153, 0, 'MOFR04338', 'MOF-R-043-38', '', ''),
(1477, 'LOC043160107', 153, 0, 'MOFR04339', 'MOF-R-043-39', '', ''),
(1478, 'LOC043160107', 153, 0, 'MOFR04340', 'MOF-R-043-40', '', ''),
(1479, 'LOC043160107', 153, 0, 'MOFR04341', 'MOF-R-043-41', '', ''),
(1480, 'LOC043160107', 153, 0, 'MOFR04342', 'MOF-R-043-42', '', ''),
(1481, 'LOC043160107', 153, 0, 'MOFR04343', 'MOF-R-043-43', '', ''),
(1482, 'LOC043160107', 153, 0, 'MOFR04344', 'MOF-R-043-44', '', ''),
(1483, 'LOC043160107', 153, 0, 'MOFR04345', 'MOF-R-043-45', '', ''),
(1484, 'LOC043160107', 153, 0, 'MOFR04346', 'MOF-R-043-46', '', ''),
(1485, 'LOC043160107', 153, 0, 'MOFR04347', 'MOF-R-043-47', '', ''),
(1486, 'LOC043160107', 153, 0, 'MOFR04348', 'MOF-R-043-48', '', ''),
(1487, 'LOC043160107', 153, 0, 'MOFR04349', 'MOF-R-043-49', '', ''),
(1488, 'LOC043160107', 153, 0, 'MOFR04350', 'MOF-R-043-50', '', ''),
(1489, 'LOC043160107', 153, 0, 'MOFR04351', 'MOF-R-043-51', '', ''),
(1490, 'LOC043160107', 153, 0, 'MOFR04352', 'MOF-R-043-52', '', ''),
(1491, 'LOC043160107', 153, 0, 'MOFR04353', 'MOF-R-043-53', '', ''),
(1492, 'LOC043160107', 153, 0, 'MOFR04354', 'MOF-R-043-54', '', ''),
(1493, 'LOC043160107', 153, 0, 'MOFR04355', 'MOF-R-043-55', '', ''),
(1494, 'LOC043160107', 153, 0, 'MOFR04356', 'MOF-R-043-56', '', ''),
(1495, 'LOC043160107', 153, 0, 'MOFR04357', 'MOF-R-043-57', '', ''),
(1496, 'LOC043160107', 153, 0, 'MOFR04358', 'MOF-R-043-58', '', ''),
(1497, 'LOC043160107', 153, 0, 'MOFR04359', 'MOF-R-043-59', '', ''),
(1498, 'LOC043160107', 153, 0, 'MOFR04360', 'MOF-R-043-60', '', ''),
(1499, 'LOC043160107', 153, 0, 'MOFR04361', 'MOF-R-043-61', '', ''),
(1500, 'LOC043160107', 153, 0, 'MOFR04362', 'MOF-R-043-62', '', ''),
(1501, 'LOC043160107', 153, 0, 'MOFR04363', 'MOF-R-043-63', '', ''),
(1502, 'LOC043160107', 153, 0, 'MOFR04364', 'MOF-R-043-64', '', ''),
(1503, 'LOC043160107', 153, 0, 'MOFR04365', 'MOF-R-043-65', '', ''),
(1504, 'LOC043160107', 153, 0, 'MOFR04366', 'MOF-R-043-66', '', ''),
(1505, 'LOC043160107', 153, 0, 'MOFR04367', 'MOF-R-043-67', '', ''),
(1506, 'LOC043160107', 153, 0, 'MOFR04368', 'MOF-R-043-68', '', ''),
(1507, 'LOC043160107', 153, 0, 'MOFR04369', 'MOF-R-043-69', '', ''),
(1508, 'LOC043160107', 153, 0, 'MOFR04370', 'MOF-R-043-70', '', ''),
(1509, 'LOC043160107', 153, 0, 'MOFR04371', 'MOF-R-043-71', '', ''),
(1510, 'LOC043160107', 153, 0, 'MOFR04372', 'MOF-R-043-72', '', ''),
(1511, 'LOC043160107', 153, 0, 'MOFR04373', 'MOF-R-043-73', '', ''),
(1512, 'LOC043160107', 153, 0, 'MOFR04374', 'MOF-R-043-74', '', ''),
(1513, 'LOC043160107', 153, 0, 'MOFR04375', 'MOF-R-043-75', '', ''),
(1514, 'LOC043160107', 153, 0, 'MOFR04376', 'MOF-R-043-76', '', ''),
(1515, 'LOC043160107', 153, 0, 'MOFR04377', 'MOF-R-043-77', '', ''),
(1516, 'LOC043160107', 153, 0, 'MOFR04378', 'MOF-R-043-78', '', '');
INSERT INTO `audit_physical_stock_details` (`id`, `audt_code`, `ph_stock_id`, `asset_id`, `asset_barcode`, `barcode_details`, `verify`, `is_audit`) VALUES
(1517, 'LOC043160107', 153, 0, 'MOFR04379', 'MOF-R-043-79', '', ''),
(1518, 'LOC043160107', 153, 0, 'MOFR04380', 'MOF-R-043-80', '', ''),
(1519, 'LOC043160107', 153, 0, 'MOFR04381', 'MOF-R-043-81', '', ''),
(1520, 'LOC043160107', 153, 0, 'MOFR04382', 'MOF-R-043-82', '', ''),
(1521, 'LOC043160107', 153, 0, 'MOFR04383', 'MOF-R-043-83', '', ''),
(1522, 'LOC043160107', 153, 0, 'MOFR04384', 'MOF-R-043-84', '', ''),
(1523, 'LOC043160107', 153, 0, 'MOFR04385', 'MOF-R-043-85', '', ''),
(1524, 'LOC043160107', 153, 0, 'MOFR04386', 'MOF-R-043-86', '', ''),
(1525, 'LOC043160107', 153, 0, 'MOFR04387', 'MOF-R-043-87', '', ''),
(1526, 'LOC043160107', 153, 0, 'MOFR04388', 'MOF-R-043-88', '', ''),
(1527, 'LOC043160107', 153, 0, 'MOFR04389', 'MOF-R-043-89', '', ''),
(1528, 'LOC043160107', 153, 0, 'MOFR04390', 'MOF-R-043-90', '', ''),
(1529, 'LOC043160107', 153, 0, 'MOFR04391', 'MOF-R-043-91', '', ''),
(1530, 'LOC043160107', 153, 0, 'MOFR04392', 'MOF-R-043-92', '', ''),
(1531, 'LOC043160107', 153, 0, 'MOFR04393', 'MOF-R-043-93', '', ''),
(1532, 'LOC043160107', 153, 0, 'MOFR04394', 'MOF-R-043-94', '', ''),
(1533, 'LOC043160107', 153, 0, 'MOFR04395', 'MOF-R-043-95', '', ''),
(1534, 'LOC043160107', 153, 0, 'MOFR04396', 'MOF-R-043-96', '', ''),
(1535, 'LOC043160107', 153, 0, 'MOFR04397', 'MOF-R-043-97', '', ''),
(1536, 'LOC043160107', 153, 0, 'MOFR04398', 'MOF-R-043-98', '', ''),
(1537, 'LOC043160107', 153, 0, 'MOFR04399', 'MOF-R-043-99', '', ''),
(1538, 'LOC043160107', 153, 0, 'MOFR043100', 'MOF-R-043-100', '', ''),
(1539, 'LOC043160107', 153, 0, 'MOFR043101', 'MOF-R-043-101', '', ''),
(1540, 'LOC043160107', 153, 0, 'MOFR043102', 'MOF-R-043-102', '', ''),
(1541, 'LOC043160107', 153, 0, 'MOFR043103', 'MOF-R-043-103', '', ''),
(1542, 'LOC043160107', 153, 0, 'MOFR043104', 'MOF-R-043-104', '', ''),
(1543, 'LOC043160107', 153, 0, 'MOFR043105', 'MOF-R-043-105', '', ''),
(1544, 'LOC043160107', 153, 0, 'MOFR043106', 'MOF-R-043-106', '', ''),
(1545, 'LOC043160107', 153, 0, 'MOFR043107', 'MOF-R-043-107', '', ''),
(1546, 'LOC043160107', 153, 0, 'MOFR043108', 'MOF-R-043-108', '', ''),
(1547, 'LOC043160107', 153, 0, 'MOFR043109', 'MOF-R-043-109', '', ''),
(1548, 'LOC043160107', 153, 0, 'MOFR043110', 'MOF-R-043-110', '', ''),
(1549, 'LOC043160107', 153, 0, 'MOFR043111', 'MOF-R-043-111', '', ''),
(1550, 'LOC043160107', 153, 0, 'MOFR043112', 'MOF-R-043-112', '', ''),
(1551, 'LOC043160107', 153, 0, 'MOFR043113', 'MOF-R-043-113', '', ''),
(1552, 'LOC043160107', 153, 0, 'MOFR043114', 'MOF-R-043-114', '', ''),
(1553, 'LOC043160107', 153, 0, 'MOFR043115', 'MOF-R-043-115', '', ''),
(1554, 'LOC043160107', 153, 0, 'MOFR043116', 'MOF-R-043-116', '', ''),
(1555, 'LOC043160107', 153, 0, 'MOFR043117', 'MOF-R-043-117', '', ''),
(1556, 'LOC043160107', 153, 0, 'MOFR043118', 'MOF-R-043-118', '', ''),
(1557, 'LOC043160107', 153, 0, 'MOFR043119', 'MOF-R-043-119', '', ''),
(1558, 'LOC043160107', 153, 0, 'MOFR043120', 'MOF-R-043-120', '', ''),
(1559, 'LOC043160107', 153, 0, 'MOFR043121', 'MOF-R-043-121', '', ''),
(1560, 'LOC043160107', 153, 0, 'MOFR043122', 'MOF-R-043-122', '', ''),
(1561, 'LOC043160107', 153, 0, 'MOFR043123', 'MOF-R-043-123', '', ''),
(1562, 'LOC043160107', 153, 0, 'MOFR043124', 'MOF-R-043-124', '', ''),
(1563, 'LOC043160107', 153, 0, 'MOFR043125', 'MOF-R-043-125', '', ''),
(1564, 'LOC043160107', 153, 0, 'MOFR043126', 'MOF-R-043-126', '', ''),
(1565, 'LOC043160107', 153, 0, 'MOFR043127', 'MOF-R-043-127', '', ''),
(1566, 'LOC043160107', 153, 0, 'MOFR043128', 'MOF-R-043-128', '', ''),
(1567, 'LOC043160107', 153, 0, 'MOFR043129', 'MOF-R-043-129', '', ''),
(1568, 'LOC043160107', 153, 0, 'MOFR043130', 'MOF-R-043-130', '', ''),
(1569, 'LOC043160107', 153, 0, 'MOFR043131', 'MOF-R-043-131', '', ''),
(1570, 'LOC043160107', 153, 0, 'MOFR043132', 'MOF-R-043-132', '', ''),
(1571, 'LOC043160107', 153, 0, 'MOFR043133', 'MOF-R-043-133', '', ''),
(1572, 'LOC043160107', 153, 0, 'MOFR043134', 'MOF-R-043-134', '', ''),
(1573, 'LOC043160107', 153, 0, 'MOFR043135', 'MOF-R-043-135', '', ''),
(1574, 'LOC043160107', 153, 0, 'MOFR043136', 'MOF-R-043-136', '', ''),
(1575, 'LOC043160107', 153, 0, 'MOFR043137', 'MOF-R-043-137', '', ''),
(1576, 'LOC043160107', 153, 0, 'MOFR043138', 'MOF-R-043-138', '', ''),
(1577, 'LOC043160107', 153, 0, 'MOFR043139', 'MOF-R-043-139', '', ''),
(1578, 'LOC043160107', 153, 0, 'MOFR043140', 'MOF-R-043-140', '', ''),
(1579, 'LOC043160107', 153, 0, 'MOFR043141', 'MOF-R-043-141', '', ''),
(1580, 'LOC043160107', 153, 0, 'MOFR043142', 'MOF-R-043-142', '', ''),
(1581, 'LOC043160107', 153, 0, 'MOFR043143', 'MOF-R-043-143', '', ''),
(1582, 'LOC043160107', 153, 0, 'MOFR043144', 'MOF-R-043-144', '', ''),
(1583, 'LOC043160107', 153, 0, 'MOFR043145', 'MOF-R-043-145', '', ''),
(1584, 'LOC043160107', 153, 0, 'MOFR043146', 'MOF-R-043-146', '', ''),
(1585, 'LOC043160107', 153, 0, 'MOFR043147', 'MOF-R-043-147', '', ''),
(1586, 'LOC043160107', 153, 0, 'MOFR043148', 'MOF-R-043-148', '', ''),
(1587, 'LOC043160107', 153, 0, 'MOFR043149', 'MOF-R-043-149', '', ''),
(1588, 'LOC043160107', 153, 0, 'MOFR043150', 'MOF-R-043-150', '', ''),
(1589, 'LOC043160107', 153, 0, 'MOFR043151', 'MOF-R-043-151', '', ''),
(1590, 'LOC043160107', 153, 0, 'MOFR043152', 'MOF-R-043-152', '', ''),
(1591, 'LOC043160107', 153, 0, 'MOFR043153', 'MOF-R-043-153', '', ''),
(1592, 'LOC043160107', 153, 0, 'MOFR043154', 'MOF-R-043-154', '', ''),
(1593, 'LOC043160107', 153, 0, 'MOFR043155', 'MOF-R-043-155', '', ''),
(1594, 'LOC043160107', 153, 0, 'MOFR043156', 'MOF-R-043-156', '', ''),
(1595, 'LOC043160107', 153, 0, 'MOFR043157', 'MOF-R-043-157', '', ''),
(1596, 'LOC043160107', 153, 0, 'MOFR043158', 'MOF-R-043-158', '', ''),
(1597, 'LOC043160107', 153, 0, 'MOFR043159', 'MOF-R-043-159', '', ''),
(1598, 'LOC043160107', 153, 0, 'MOFR043160', 'MOF-R-043-160', '', ''),
(1599, 'LOC043160107', 153, 0, 'MOFR043161', 'MOF-R-043-161', '', ''),
(1600, 'LOC043160107', 153, 0, 'MOFR043162', 'MOF-R-043-162', '', ''),
(1601, 'LOC043160107', 153, 0, 'MOFR043163', 'MOF-R-043-163', '', ''),
(1602, 'LOC043160107', 153, 0, 'MOFR043164', 'MOF-R-043-164', '', ''),
(1603, 'LOC043160107', 153, 0, 'MOFR043165', 'MOF-R-043-165', '', ''),
(1604, 'LOC043160107', 153, 0, 'MOFR043166', 'MOF-R-043-166', '', ''),
(1605, 'LOC043160107', 153, 0, 'MOFR043167', 'MOF-R-043-167', '', ''),
(1606, 'LOC043160107', 153, 0, 'MOFR043168', 'MOF-R-043-168', '', ''),
(1607, 'LOC043160107', 153, 0, 'MOFR043169', 'MOF-R-043-169', '', ''),
(1608, 'LOC043160107', 153, 0, 'MOFR043170', 'MOF-R-043-170', '', ''),
(1609, 'LOC043160107', 153, 0, 'MOFR043171', 'MOF-R-043-171', '', ''),
(1610, 'LOC043160107', 153, 0, 'MOFR043172', 'MOF-R-043-172', '', ''),
(1611, 'LOC043160107', 153, 0, 'MOFR043173', 'MOF-R-043-173', '', ''),
(1612, 'LOC043160107', 153, 0, 'MOFR043174', 'MOF-R-043-174', '', ''),
(1613, 'LOC043160107', 153, 0, 'MOFR043175', 'MOF-R-043-175', '', ''),
(1614, 'LOC043160107', 153, 0, 'MOFR043176', 'MOF-R-043-176', '', ''),
(1615, 'LOC043160107', 153, 0, 'MOFR043177', 'MOF-R-043-177', '', ''),
(1616, 'LOC043160107', 153, 0, 'MOFR043178', 'MOF-R-043-178', '', ''),
(1617, 'LOC043160107', 153, 0, 'MOFR043179', 'MOF-R-043-179', '', ''),
(1618, 'LOC043160107', 153, 0, 'MOFR043180', 'MOF-R-043-180', '', ''),
(1619, 'LOC043160107', 153, 0, 'MOFR043181', 'MOF-R-043-181', '', ''),
(1620, 'LOC043160107', 153, 0, 'MOFR043182', 'MOF-R-043-182', '', ''),
(1621, 'LOC043160107', 153, 0, 'MOFR043183', 'MOF-R-043-183', '', ''),
(1622, 'LOC043160107', 153, 0, 'MOFR043184', 'MOF-R-043-184', '', ''),
(1623, 'LOC043160107', 153, 0, 'MOFR043185', 'MOF-R-043-185', '', ''),
(1624, 'LOC043160107', 153, 0, 'MOFR043186', 'MOF-R-043-186', '', ''),
(1625, 'LOC043160107', 153, 0, 'MOFR043187', 'MOF-R-043-187', '', ''),
(1626, 'LOC043160107', 153, 0, 'MOFR043188', 'MOF-R-043-188', '', ''),
(1627, 'LOC043160107', 153, 0, 'MOFR043189', 'MOF-R-043-189', '', ''),
(1628, 'LOC043160107', 153, 0, 'MOFR043190', 'MOF-R-043-190', '', ''),
(1629, 'LOC043160107', 153, 0, 'MOFR043191', 'MOF-R-043-191', '', ''),
(1630, 'LOC043160107', 153, 0, 'MOFR043192', 'MOF-R-043-192', '', ''),
(1631, 'LOC043160107', 153, 0, 'MOFR043193', 'MOF-R-043-193', '', ''),
(1632, 'LOC043160107', 153, 0, 'MOFR043194', 'MOF-R-043-194', '', ''),
(1633, 'LOC043160107', 153, 0, 'MOFR043195', 'MOF-R-043-195', '', ''),
(1634, 'LOC043160107', 153, 0, 'MOFR043196', 'MOF-R-043-196', '', ''),
(1635, 'LOC043160107', 153, 0, 'MOFR043197', 'MOF-R-043-197', '', ''),
(1636, 'LOC043160107', 153, 0, 'MOFR043198', 'MOF-R-043-198', '', ''),
(1637, 'LOC043160107', 153, 0, 'MOFR043199', 'MOF-R-043-199', '', ''),
(1638, 'LOC043160107', 153, 0, 'MOFR043200', 'MOF-R-043-200', '', ''),
(1639, 'LOC043160107', 153, 0, 'MOFR043201', 'MOF-R-043-201', '', ''),
(1640, 'LOC043160107', 153, 0, 'MOFR043202', 'MOF-R-043-202', '', ''),
(1641, 'LOC043160107', 153, 0, 'MOFR043203', 'MOF-R-043-203', '', ''),
(1642, 'LOC043160107', 153, 0, 'MOFR043204', 'MOF-R-043-204', '', ''),
(1643, 'LOC043160107', 153, 0, 'MOFR043205', 'MOF-R-043-205', '', ''),
(1644, 'LOC043160107', 153, 0, 'MOFR043206', 'MOF-R-043-206', '', ''),
(1645, 'LOC043160107', 153, 0, 'MOFR043207', 'MOF-R-043-207', '', ''),
(1646, 'LOC043160107', 153, 0, 'MOFR043208', 'MOF-R-043-208', '', ''),
(1647, 'LOC043160107', 153, 0, 'MOFR043209', 'MOF-R-043-209', '', ''),
(1648, 'LOC043160107', 153, 0, 'MOFR043210', 'MOF-R-043-210', '', ''),
(1649, 'LOC043160107', 153, 0, 'MOFR043211', 'MOF-R-043-211', '', ''),
(1650, 'LOC043160107', 153, 0, 'MOFR043212', 'MOF-R-043-212', '', ''),
(1651, 'LOC043160107', 153, 0, 'MOFR043213', 'MOF-R-043-213', '', ''),
(1652, 'LOC043160107', 153, 0, 'MOFR043214', 'MOF-R-043-214', '', ''),
(1653, 'LOC043160107', 153, 0, 'MOFR043215', 'MOF-R-043-215', '', ''),
(1654, 'LOC043160107', 153, 0, 'MOFR043216', 'MOF-R-043-216', '', ''),
(1655, 'LOC043160107', 153, 0, 'MOFR043217', 'MOF-R-043-217', '', ''),
(1656, 'LOC043160107', 153, 0, 'MOFR043218', 'MOF-R-043-218', '', ''),
(1657, 'LOC043160107', 153, 0, 'MOFR043219', 'MOF-R-043-219', '', ''),
(1658, 'LOC043160107', 153, 0, 'MOFR043220', 'MOF-R-043-220', '', ''),
(1659, 'LOC043160107', 153, 0, 'MOFR043221', 'MOF-R-043-221', '', ''),
(1660, 'LOC043160107', 153, 0, 'MOFR043222', 'MOF-R-043-222', '', ''),
(1661, 'LOC043160107', 153, 0, 'MOFR043223', 'MOF-R-043-223', '', ''),
(1662, 'LOC043160107', 153, 0, 'MOFR043224', 'MOF-R-043-224', '', ''),
(1663, 'LOC043160107', 153, 0, 'MOFR043225', 'MOF-R-043-225', '', ''),
(1664, 'LOC043160107', 153, 0, 'MOFR043226', 'MOF-R-043-226', '', ''),
(1665, 'LOC043160107', 153, 0, 'MOFR043227', 'MOF-R-043-227', '', ''),
(1666, 'LOC043160107', 153, 0, 'MOFR043228', 'MOF-R-043-228', '', ''),
(1667, 'LOC043160107', 153, 0, 'MOFR043229', 'MOF-R-043-229', '', ''),
(1668, 'LOC043160107', 153, 0, 'MOFR043230', 'MOF-R-043-230', '', ''),
(1669, 'LOC043160107', 153, 0, 'MOFR043231', 'MOF-R-043-231', '', ''),
(1670, 'LOC043160107', 153, 0, 'MOFR043232', 'MOF-R-043-232', '', ''),
(1671, 'LOC043160107', 153, 0, 'MOFR043233', 'MOF-R-043-233', '', ''),
(1672, 'LOC043160107', 153, 0, 'MOFR043234', 'MOF-R-043-234', '', ''),
(1673, 'LOC043160107', 153, 0, 'MOFR043235', 'MOF-R-043-235', '', ''),
(1674, 'LOC043160107', 153, 0, 'MOFR043236', 'MOF-R-043-236', '', ''),
(1675, 'LOC043160107', 153, 0, 'MOFR043237', 'MOF-R-043-237', '', ''),
(1676, 'LOC043160107', 153, 0, 'MOFR043238', 'MOF-R-043-238', '', ''),
(1677, 'LOC043160107', 153, 0, 'MOFR043239', 'MOF-R-043-239', '', ''),
(1678, 'LOC043160107', 153, 0, 'MOFR043240', 'MOF-R-043-240', '', ''),
(1679, 'LOC043160107', 153, 0, 'MOFR043241', 'MOF-R-043-241', '', ''),
(1680, 'LOC043160107', 153, 0, 'MOFR043242', 'MOF-R-043-242', '', ''),
(1681, 'LOC043160107', 153, 0, 'MOFR043243', 'MOF-R-043-243', '', ''),
(1682, 'LOC043160107', 153, 0, 'MOFR043244', 'MOF-R-043-244', '', ''),
(1683, 'LOC043160107', 153, 0, 'MOFR043245', 'MOF-R-043-245', '', ''),
(1684, 'LOC043160107', 153, 0, 'MOFR043246', 'MOF-R-043-246', '', ''),
(1685, 'LOC043160107', 153, 0, 'MOFR043247', 'MOF-R-043-247', '', ''),
(1686, 'LOC043160107', 153, 0, 'MOFR043248', 'MOF-R-043-248', '', ''),
(1687, 'LOC043160107', 153, 0, 'MOFR043249', 'MOF-R-043-249', '', ''),
(1688, 'LOC043160107', 153, 0, 'MOFR043250', 'MOF-R-043-250', '', ''),
(1689, 'LOC043160107', 153, 0, 'MOFR043251', 'MOF-R-043-251', '', ''),
(1690, 'LOC043160107', 153, 0, 'MOFR043252', 'MOF-R-043-252', '', ''),
(1691, 'LOC043160107', 153, 0, 'MOFR043253', 'MOF-R-043-253', '', ''),
(1692, 'LOC043160107', 153, 0, 'MOFR043254', 'MOF-R-043-254', '', ''),
(1693, 'LOC043160107', 153, 0, 'MOFR043255', 'MOF-R-043-255', '', ''),
(1694, 'LOC043160107', 153, 0, 'MOFR043256', 'MOF-R-043-256', '', ''),
(1695, 'LOC043160107', 153, 0, 'MOFR043257', 'MOF-R-043-257', '', ''),
(1696, 'LOC043160107', 153, 0, 'MOFR043258', 'MOF-R-043-258', '', ''),
(1697, 'LOC043160107', 153, 0, 'MOFR043259', 'MOF-R-043-259', '', ''),
(1698, 'LOC043160107', 153, 0, 'MOFR043260', 'MOF-R-043-260', '', ''),
(1699, 'LOC043160107', 153, 0, 'MOFR043261', 'MOF-R-043-261', '', ''),
(1700, 'LOC043160107', 153, 0, 'MOFR043262', 'MOF-R-043-262', '', ''),
(1701, 'LOC043160107', 153, 0, 'MOFR043263', 'MOF-R-043-263', '', ''),
(1702, 'LOC043160107', 153, 0, 'MOFR043264', 'MOF-R-043-264', '', ''),
(1703, 'LOC043160107', 153, 0, 'MOFR043265', 'MOF-R-043-265', '', ''),
(1704, 'LOC043160107', 153, 0, 'MOFR043266', 'MOF-R-043-266', '', ''),
(1705, 'LOC043160107', 153, 0, 'MOFR043267', 'MOF-R-043-267', '', ''),
(1706, 'LOC043160107', 153, 0, 'MOFR043268', 'MOF-R-043-268', '', ''),
(1707, 'LOC043160107', 153, 0, 'MOFR043269', 'MOF-R-043-269', '', ''),
(1708, 'LOC043160107', 153, 0, 'MOFR043270', 'MOF-R-043-270', '', ''),
(1709, 'LOC043160107', 153, 0, 'MOFR043271', 'MOF-R-043-271', '', ''),
(1710, 'LOC043160107', 153, 0, 'MOFR043272', 'MOF-R-043-272', '', ''),
(1711, 'LOC043160107', 153, 0, 'MOFR043273', 'MOF-R-043-273', '', ''),
(1712, 'LOC043160107', 153, 0, 'MOFR043274', 'MOF-R-043-274', '', ''),
(1713, 'LOC043160107', 153, 0, 'MOFR043275', 'MOF-R-043-275', '', ''),
(1714, 'LOC043160107', 153, 0, 'MOFR043276', 'MOF-R-043-276', '', ''),
(1715, 'LOC043160107', 153, 0, 'MOFR043277', 'MOF-R-043-277', '', ''),
(1716, 'LOC043160107', 153, 0, 'MOFR043278', 'MOF-R-043-278', '', ''),
(1717, 'LOC043160107', 153, 0, 'MOFR043279', 'MOF-R-043-279', '', ''),
(1718, 'LOC043160107', 153, 0, 'MOFR043280', 'MOF-R-043-280', '', ''),
(1719, 'LOC043160107', 153, 0, 'MOFR043281', 'MOF-R-043-281', '', ''),
(1720, 'LOC043160107', 153, 0, 'MOFR043282', 'MOF-R-043-282', '', ''),
(1721, 'LOC043160107', 153, 0, 'MOFR043283', 'MOF-R-043-283', '', ''),
(1722, 'LOC043160107', 153, 0, 'MOFR043284', 'MOF-R-043-284', '', ''),
(1723, 'LOC043160107', 153, 0, 'MOFR043285', 'MOF-R-043-285', '', ''),
(1724, 'LOC043160107', 153, 0, 'MOFR043286', 'MOF-R-043-286', '', ''),
(1725, 'LOC043160107', 153, 0, 'MOFR043287', 'MOF-R-043-287', '', ''),
(1726, 'LOC043160107', 153, 0, 'MOFR043288', 'MOF-R-043-288', '', ''),
(1727, 'LOC043160107', 153, 0, 'MOFR043289', 'MOF-R-043-289', '', ''),
(1728, 'LOC043160107', 153, 0, 'MOFR043290', 'MOF-R-043-290', '', ''),
(1729, 'LOC043160107', 153, 0, 'MOFR043291', 'MOF-R-043-291', '', ''),
(1730, 'LOC043160107', 153, 0, 'MOFR043292', 'MOF-R-043-292', '', ''),
(1731, 'LOC043160107', 153, 0, 'MOFR043293', 'MOF-R-043-293', '', ''),
(1732, 'LOC043160107', 153, 0, 'MOFR043294', 'MOF-R-043-294', '', ''),
(1733, 'LOC043160107', 153, 0, 'MOFR043295', 'MOF-R-043-295', '', ''),
(1734, 'LOC043160107', 153, 0, 'MOFR043296', 'MOF-R-043-296', '', ''),
(1735, 'LOC043160107', 153, 0, 'MOFR043297', 'MOF-R-043-297', '', ''),
(1736, 'LOC043160107', 153, 0, 'MOFR043298', 'MOF-R-043-298', '', ''),
(1737, 'LOC043160107', 153, 0, 'MOFR043299', 'MOF-R-043-299', '', ''),
(1738, 'LOC043160107', 153, 0, 'MOFR043300', 'MOF-R-043-300', '', ''),
(1739, 'LOC043160107', 153, 0, 'MOFR043301', 'MOF-R-043-301', '', ''),
(1740, 'LOC043160107', 153, 0, 'MOFR043302', 'MOF-R-043-302', '', ''),
(1741, 'LOC043160107', 153, 0, 'MOFR043303', 'MOF-R-043-303', '', ''),
(1742, 'LOC043160107', 153, 0, 'MOFR043304', 'MOF-R-043-304', '', ''),
(1743, 'LOC043160107', 153, 0, 'MOFR043305', 'MOF-R-043-305', '', ''),
(1744, 'LOC043160107', 153, 0, 'MOFR043306', 'MOF-R-043-306', '', ''),
(1745, 'LOC043160107', 153, 0, 'MOFR043307', 'MOF-R-043-307', '', ''),
(1746, 'LOC043160107', 153, 0, 'MOFR043308', 'MOF-R-043-308', '', ''),
(1747, 'LOC043160107', 153, 0, 'MOFR043309', 'MOF-R-043-309', '', ''),
(1748, 'LOC043160107', 153, 0, 'MOFR043310', 'MOF-R-043-310', '', ''),
(1749, 'LOC043160107', 153, 0, 'MOFR043311', 'MOF-R-043-311', '', ''),
(1750, 'LOC043160107', 153, 0, 'MOFR043312', 'MOF-R-043-312', '', ''),
(1751, 'LOC043160107', 153, 0, 'MOFR043313', 'MOF-R-043-313', '', ''),
(1752, 'LOC043160107', 153, 0, 'MOFR043314', 'MOF-R-043-314', '', ''),
(1753, 'LOC043160107', 153, 0, 'MOFR043315', 'MOF-R-043-315', '', ''),
(1754, 'LOC043160107', 153, 0, 'MOFR043316', 'MOF-R-043-316', '', ''),
(1755, 'LOC043160107', 153, 0, 'MOFR043317', 'MOF-R-043-317', '', ''),
(1756, 'LOC043160107', 153, 0, 'MOFR043318', 'MOF-R-043-318', '', ''),
(1757, 'LOC043160107', 153, 0, 'MOFR043319', 'MOF-R-043-319', '', ''),
(1758, 'LOC043160107', 153, 0, 'MOFR043320', 'MOF-R-043-320', '', ''),
(1759, 'LOC043160107', 153, 0, 'MOFR043321', 'MOF-R-043-321', '', ''),
(1760, 'LOC043160107', 153, 0, 'MOFR043322', 'MOF-R-043-322', '', ''),
(1761, 'LOC043160107', 153, 0, 'MOFR043323', 'MOF-R-043-323', '', ''),
(1762, 'LOC043160107', 153, 0, 'MOFR043324', 'MOF-R-043-324', '', ''),
(1763, 'LOC043160107', 153, 0, 'MOFR043325', 'MOF-R-043-325', '', ''),
(1764, 'LOC043160107', 153, 0, 'MOFR043326', 'MOF-R-043-326', '', ''),
(1765, 'LOC043160107', 153, 0, 'MOFR043327', 'MOF-R-043-327', '', ''),
(1766, 'LOC043160107', 153, 0, 'MOFR043328', 'MOF-R-043-328', '', ''),
(1767, 'LOC043160107', 153, 0, 'MOFR043329', 'MOF-R-043-329', '', ''),
(1768, 'LOC043160107', 153, 0, 'MOFR043330', 'MOF-R-043-330', '', ''),
(1769, 'LOC043160107', 153, 0, 'MOFR043331', 'MOF-R-043-331', '', ''),
(1770, 'LOC043160107', 153, 0, 'MOFR043332', 'MOF-R-043-332', '', ''),
(1771, 'LOC043160107', 153, 0, 'MOFR043333', 'MOF-R-043-333', '', ''),
(1772, 'LOC043160107', 153, 0, 'MOFR043334', 'MOF-R-043-334', '', ''),
(1773, 'LOC043160107', 153, 0, 'MOFR043335', 'MOF-R-043-335', '', ''),
(1774, 'LOC043160107', 153, 0, 'MOFR043336', 'MOF-R-043-336', '', ''),
(1775, 'LOC043160107', 153, 0, 'MOFR043337', 'MOF-R-043-337', '', ''),
(1776, 'LOC043160107', 153, 0, 'MOFR043338', 'MOF-R-043-338', '', ''),
(1777, 'LOC043160107', 153, 0, 'MOFR043339', 'MOF-R-043-339', '', ''),
(1778, 'LOC043160107', 153, 0, 'MOFR043340', 'MOF-R-043-340', '', ''),
(1779, 'LOC043160107', 153, 0, 'MOFR043341', 'MOF-R-043-341', '', ''),
(1780, 'LOC043160107', 153, 0, 'MOFR043342', 'MOF-R-043-342', '', ''),
(1781, 'LOC043160107', 153, 0, 'MOFR043343', 'MOF-R-043-343', '', ''),
(1782, 'LOC043160107', 153, 0, 'MOFR043344', 'MOF-R-043-344', '', ''),
(1783, 'LOC043160107', 153, 0, 'MOFR043345', 'MOF-R-043-345', '', ''),
(1784, 'LOC043160107', 153, 0, 'MOFR043346', 'MOF-R-043-346', '', ''),
(1785, 'LOC043160107', 153, 0, 'MOFR043347', 'MOF-R-043-347', '', ''),
(1786, 'LOC043160107', 153, 0, 'MOFR043348', 'MOF-R-043-348', '', ''),
(1787, 'LOC043160107', 153, 0, 'MOFR043349', 'MOF-R-043-349', '', ''),
(1788, 'LOC043160107', 153, 0, 'MOFR043350', 'MOF-R-043-350', '', ''),
(1789, 'LOC043160107', 153, 0, 'MOFR043351', 'MOF-R-043-351', '', ''),
(1790, 'LOC043160107', 153, 0, 'MOFR043352', 'MOF-R-043-352', '', ''),
(1791, 'LOC043160107', 153, 0, 'MOFR043353', 'MOF-R-043-353', '', ''),
(1792, 'LOC043160107', 153, 0, 'MOFR043354', 'MOF-R-043-354', '', ''),
(1793, 'LOC043160107', 153, 0, 'MOFR043355', 'MOF-R-043-355', '', ''),
(1794, 'LOC043160107', 153, 0, 'MOFR043356', 'MOF-R-043-356', '', ''),
(1795, 'LOC043160107', 153, 0, 'MOFR043357', 'MOF-R-043-357', '', ''),
(1796, 'LOC043160107', 153, 0, 'MOFR043358', 'MOF-R-043-358', '', ''),
(1797, 'LOC043160107', 153, 0, 'MOFR043359', 'MOF-R-043-359', '', ''),
(1798, 'LOC043160107', 153, 0, 'MOFR043360', 'MOF-R-043-360', '', ''),
(1799, 'LOC043160107', 153, 0, 'MOFR043361', 'MOF-R-043-361', '', ''),
(1800, 'LOC043160107', 153, 0, 'MOFR043362', 'MOF-R-043-362', '', ''),
(1801, 'LOC043160107', 153, 0, 'MOFR043363', 'MOF-R-043-363', '', ''),
(1802, 'LOC043160107', 153, 0, 'MOFR043364', 'MOF-R-043-364', '', ''),
(1803, 'LOC043160107', 153, 0, 'MOFR043365', 'MOF-R-043-365', '', ''),
(1804, 'LOC043160107', 153, 0, 'MOFR043366', 'MOF-R-043-366', '', ''),
(1805, 'LOC043160107', 153, 0, 'MOFR043367', 'MOF-R-043-367', '', ''),
(1806, 'LOC043160107', 153, 0, 'MOFR043368', 'MOF-R-043-368', '', ''),
(1807, 'LOC043160107', 153, 0, 'MOFR043369', 'MOF-R-043-369', '', ''),
(1808, 'LOC043160107', 153, 0, 'MOFR043370', 'MOF-R-043-370', '', ''),
(1809, 'LOC043160107', 153, 0, 'MOFR043371', 'MOF-R-043-371', '', ''),
(1810, 'LOC043160107', 153, 0, 'MOFR043372', 'MOF-R-043-372', '', ''),
(1811, 'LOC043160107', 153, 0, 'MOFR043373', 'MOF-R-043-373', '', ''),
(1812, 'LOC043160107', 153, 0, 'MOFR043374', 'MOF-R-043-374', '', ''),
(1813, 'LOC043160107', 153, 0, 'MOFR043375', 'MOF-R-043-375', '', ''),
(1814, 'LOC043160107', 153, 0, 'MOFR043376', 'MOF-R-043-376', '', ''),
(1815, 'LOC043160107', 153, 0, 'MOFR043377', 'MOF-R-043-377', '', ''),
(1816, 'LOC043160107', 153, 0, 'MOFR043378', 'MOF-R-043-378', '', ''),
(1817, 'LOC043160107', 153, 0, 'MOFR043379', 'MOF-R-043-379', '', ''),
(1818, 'LOC043160107', 153, 0, 'MOFR043380', 'MOF-R-043-380', '', ''),
(1819, 'LOC043160107', 153, 0, 'MOFR043381', 'MOF-R-043-381', '', ''),
(1820, 'LOC043160107', 153, 0, 'MOFR043382', 'MOF-R-043-382', '', ''),
(1821, 'LOC043160107', 153, 0, 'MOFR043383', 'MOF-R-043-383', '', ''),
(1822, 'LOC043160107', 153, 0, 'MOFR043384', 'MOF-R-043-384', '', ''),
(1823, 'LOC043160107', 153, 0, 'MOFR043385', 'MOF-R-043-385', '', ''),
(1824, 'LOC043160107', 153, 0, 'MOFR043386', 'MOF-R-043-386', '', ''),
(1825, 'LOC043160107', 153, 0, 'MOFR043387', 'MOF-R-043-387', '', ''),
(1826, 'LOC043160107', 153, 0, 'MOFR043388', 'MOF-R-043-388', '', ''),
(1827, 'LOC043160107', 153, 0, 'MOFR043389', 'MOF-R-043-389', '', ''),
(1828, 'LOC043160107', 153, 0, 'MOFR043390', 'MOF-R-043-390', '', ''),
(1829, 'LOC043160107', 153, 0, 'MOFR043391', 'MOF-R-043-391', '', ''),
(1830, 'LOC043160107', 153, 0, 'MOFR043392', 'MOF-R-043-392', '', ''),
(1831, 'LOC043160107', 153, 0, 'MOFR043393', 'MOF-R-043-393', '', ''),
(1832, 'LOC043160107', 153, 0, 'MOFR043394', 'MOF-R-043-394', '', ''),
(1833, 'LOC043160107', 153, 0, 'MOFR043395', 'MOF-R-043-395', '', ''),
(1834, 'LOC043160107', 153, 0, 'MOFR043396', 'MOF-R-043-396', '', ''),
(1835, 'LOC043160107', 153, 0, 'MOFR043397', 'MOF-R-043-397', '', ''),
(1836, 'LOC043160107', 153, 0, 'MOFR043398', 'MOF-R-043-398', '', ''),
(1837, 'LOC043160107', 153, 0, 'MOFR043399', 'MOF-R-043-399', '', ''),
(1838, 'LOC043160107', 153, 0, 'MOFR043400', 'MOF-R-043-400', '', ''),
(1839, 'LOC043160107', 153, 0, 'MOFR043401', 'MOF-R-043-401', '', ''),
(1840, 'LOC043160107', 153, 0, 'MOFR043402', 'MOF-R-043-402', '', ''),
(1841, 'LOC043160107', 153, 0, 'MOFR043403', 'MOF-R-043-403', '', ''),
(1842, 'LOC043160107', 153, 0, 'MOFR043404', 'MOF-R-043-404', '', ''),
(1843, 'LOC043160107', 153, 0, 'MOFR043405', 'MOF-R-043-405', '', ''),
(1844, 'LOC043160107', 153, 0, 'MOFR043406', 'MOF-R-043-406', '', ''),
(1845, 'LOC043160107', 153, 0, 'MOFR043407', 'MOF-R-043-407', '', ''),
(1846, 'LOC043160107', 153, 0, 'MOFR043408', 'MOF-R-043-408', '', ''),
(1847, 'LOC043160107', 153, 0, 'MOFR043409', 'MOF-R-043-409', '', ''),
(1848, 'LOC043160107', 153, 0, 'MOFR043410', 'MOF-R-043-410', '', ''),
(1849, 'LOC043160107', 153, 0, 'MOFR043411', 'MOF-R-043-411', '', ''),
(1850, 'LOC043160107', 153, 0, 'MOFR043412', 'MOF-R-043-412', '', ''),
(1851, 'LOC043160107', 153, 0, 'MOFR043413', 'MOF-R-043-413', '', ''),
(1852, 'LOC043160107', 153, 0, 'MOFR043414', 'MOF-R-043-414', '', ''),
(1853, 'LOC043160107', 153, 0, 'MOFR043415', 'MOF-R-043-415', '', ''),
(1854, 'LOC043160107', 153, 0, 'MOFR043416', 'MOF-R-043-416', '', ''),
(1855, 'LOC043160107', 153, 0, 'MOFR043417', 'MOF-R-043-417', '', ''),
(1856, 'LOC043160107', 153, 0, 'MOFR043418', 'MOF-R-043-418', '', ''),
(1857, 'LOC043160107', 153, 0, 'MOFR043419', 'MOF-R-043-419', '', ''),
(1858, 'LOC043160107', 153, 0, 'MOFR043420', 'MOF-R-043-420', '', ''),
(1859, 'LOC043160107', 153, 0, 'MOFR043421', 'MOF-R-043-421', '', ''),
(1860, 'LOC043160107', 153, 0, 'MOFR043422', 'MOF-R-043-422', '', ''),
(1861, 'LOC043160107', 153, 0, 'MOFR043423', 'MOF-R-043-423', '', ''),
(1862, 'LOC043160107', 153, 0, 'MOFR043424', 'MOF-R-043-424', '', ''),
(1863, 'LOC043160107', 153, 0, 'MOFR043425', 'MOF-R-043-425', '', ''),
(1864, 'LOC043160107', 153, 0, 'MOFR043426', 'MOF-R-043-426', '', ''),
(1865, 'LOC043160107', 153, 0, 'MOFR043427', 'MOF-R-043-427', '', ''),
(1866, 'LOC043160107', 153, 0, 'MOFR043428', 'MOF-R-043-428', '', ''),
(1867, 'LOC043160107', 153, 0, 'MOFR043429', 'MOF-R-043-429', '', ''),
(1868, 'LOC043160107', 153, 0, 'MOFR043430', 'MOF-R-043-430', '', ''),
(1869, 'LOC043160107', 153, 0, 'MOFR043431', 'MOF-R-043-431', '', ''),
(1870, 'LOC043160107', 153, 0, 'MOFR043432', 'MOF-R-043-432', '', ''),
(1871, 'LOC043160107', 153, 0, 'MOFR043433', 'MOF-R-043-433', '', ''),
(1872, 'LOC043160107', 153, 0, 'MOFR043434', 'MOF-R-043-434', '', ''),
(1873, 'LOC043160107', 153, 0, 'MOFR043435', 'MOF-R-043-435', '', ''),
(1874, 'LOC043160107', 153, 0, 'MOFR043436', 'MOF-R-043-436', '', ''),
(1875, 'LOC043160107', 153, 0, 'MOFR043437', 'MOF-R-043-437', '', ''),
(1876, 'LOC043160107', 153, 0, 'MOFR043438', 'MOF-R-043-438', '', ''),
(1877, 'LOC043160107', 153, 0, 'MOFR043439', 'MOF-R-043-439', '', ''),
(1878, 'LOC043160107', 153, 0, 'MOFR043440', 'MOF-R-043-440', '', ''),
(1879, 'LOC043160107', 153, 0, 'MOFR043441', 'MOF-R-043-441', '', ''),
(1880, 'LOC043160107', 153, 0, 'MOFR043442', 'MOF-R-043-442', '', ''),
(1881, 'LOC043160107', 153, 0, 'MOFR043443', 'MOF-R-043-443', '', ''),
(1882, 'LOC043160107', 153, 0, 'MOFR043444', 'MOF-R-043-444', '', ''),
(1883, 'LOC043160107', 153, 0, 'MOFR043445', 'MOF-R-043-445', '', ''),
(1884, 'LOC043160107', 153, 0, 'MOFR043446', 'MOF-R-043-446', '', ''),
(1885, 'LOC043160107', 153, 0, 'MOFR043447', 'MOF-R-043-447', '', ''),
(1886, 'LOC043160107', 153, 0, 'MOFR043448', 'MOF-R-043-448', '', ''),
(1887, 'LOC043160107', 153, 0, 'MOFR043449', 'MOF-R-043-449', '', ''),
(1888, 'LOC043160107', 153, 0, 'MOFR043450', 'MOF-R-043-450', '', ''),
(1889, 'LOC043160107', 153, 0, 'MOFR043451', 'MOF-R-043-451', '', ''),
(1890, 'LOC043160107', 153, 0, 'MOFR043452', 'MOF-R-043-452', '', ''),
(1891, 'LOC043160107', 153, 0, 'MOFR043453', 'MOF-R-043-453', '', ''),
(1892, 'LOC043160107', 153, 0, 'MOFR043454', 'MOF-R-043-454', '', ''),
(1893, 'LOC043160107', 153, 0, 'MOFR043455', 'MOF-R-043-455', '', ''),
(1894, 'LOC043160107', 153, 0, 'MOFR043456', 'MOF-R-043-456', '', ''),
(1895, 'LOC043160107', 153, 0, 'MOFR043457', 'MOF-R-043-457', '', ''),
(1896, 'LOC043160107', 153, 0, 'MOFR043458', 'MOF-R-043-458', '', ''),
(1897, 'LOC043160107', 153, 0, 'MOFR043459', 'MOF-R-043-459', '', ''),
(1898, 'LOC043160107', 153, 0, 'MOFR043460', 'MOF-R-043-460', '', ''),
(1899, 'LOC043160107', 153, 0, 'MOFR043461', 'MOF-R-043-461', '', ''),
(1900, 'LOC043160107', 153, 0, 'MOFR043462', 'MOF-R-043-462', '', ''),
(1901, 'LOC043160107', 153, 0, 'MOFR043463', 'MOF-R-043-463', '', ''),
(1902, 'LOC043160107', 153, 0, 'MOFR043464', 'MOF-R-043-464', '', ''),
(1903, 'LOC043160107', 153, 0, 'MOFR043465', 'MOF-R-043-465', '', ''),
(1904, 'LOC043160107', 153, 0, 'MOFR043466', 'MOF-R-043-466', '', ''),
(1905, 'LOC043160107', 153, 0, 'MOFR043467', 'MOF-R-043-467', '', ''),
(1906, 'LOC043160107', 153, 0, 'MOFR043468', 'MOF-R-043-468', '', ''),
(1907, 'LOC043160107', 153, 0, 'MOFR043469', 'MOF-R-043-469', '', ''),
(1908, 'LOC043160107', 153, 0, 'MOFR043470', 'MOF-R-043-470', '', ''),
(1909, 'LOC043160107', 153, 0, 'MOFR043471', 'MOF-R-043-471', '', ''),
(1910, 'LOC043160107', 153, 0, 'MOFR043472', 'MOF-R-043-472', '', ''),
(1911, 'LOC043160107', 153, 0, 'MOFR043473', 'MOF-R-043-473', '', ''),
(1912, 'LOC043160107', 153, 0, 'MOFR043474', 'MOF-R-043-474', '', ''),
(1913, 'LOC043160107', 153, 0, 'MOFR043475', 'MOF-R-043-475', '', ''),
(1914, 'LOC043160107', 153, 0, 'MOFR043476', 'MOF-R-043-476', '', ''),
(1915, 'LOC043160107', 153, 0, 'MOFR043477', 'MOF-R-043-477', '', ''),
(1916, 'LOC043160107', 153, 0, 'MOFR043478', 'MOF-R-043-478', '', ''),
(1917, 'LOC043160107', 153, 0, 'MOFR043479', 'MOF-R-043-479', '', ''),
(1918, 'LOC043160107', 153, 0, 'MOFR043480', 'MOF-R-043-480', '', ''),
(1919, 'LOC043160107', 153, 0, 'MOFR043481', 'MOF-R-043-481', '', ''),
(1920, 'LOC043160107', 153, 0, 'MOFR043482', 'MOF-R-043-482', '', ''),
(1921, 'LOC043160107', 153, 0, 'MOFR043483', 'MOF-R-043-483', '', ''),
(1922, 'LOC043160107', 153, 0, 'MOFR043484', 'MOF-R-043-484', '', ''),
(1923, 'LOC043160107', 153, 0, 'MOFR043485', 'MOF-R-043-485', '', ''),
(1924, 'LOC043160107', 153, 0, 'MOFR043486', 'MOF-R-043-486', '', ''),
(1925, 'LOC043160107', 153, 0, 'MOFR043487', 'MOF-R-043-487', '', ''),
(1926, 'LOC043160107', 153, 0, 'MOFR043488', 'MOF-R-043-488', '', ''),
(1927, 'LOC043160107', 153, 0, 'MOFR043489', 'MOF-R-043-489', '', ''),
(1928, 'LOC043160107', 153, 0, 'MOFR043490', 'MOF-R-043-490', '', ''),
(1929, 'LOC043160107', 153, 0, 'MOFR043491', 'MOF-R-043-491', '', ''),
(1930, 'LOC043160107', 153, 0, 'MOFR043492', 'MOF-R-043-492', '', ''),
(1931, 'LOC043160107', 153, 0, 'MOFR043493', 'MOF-R-043-493', '', ''),
(1932, 'LOC043160107', 153, 0, 'MOFR043494', 'MOF-R-043-494', '', ''),
(1933, 'LOC043160107', 153, 0, 'MOFR043495', 'MOF-R-043-495', '', ''),
(1934, 'LOC043160107', 153, 0, 'MOFR043496', 'MOF-R-043-496', '', ''),
(1935, 'LOC043160107', 153, 0, 'MOFR043497', 'MOF-R-043-497', '', ''),
(1936, 'LOC043160107', 153, 0, 'MOFR043498', 'MOF-R-043-498', '', ''),
(1937, 'LOC043160107', 153, 0, 'MOFR043499', 'MOF-R-043-499', '', ''),
(1938, 'LOC043160107', 153, 0, 'MOFR043500', 'MOF-R-043-500', '', ''),
(1939, 'LOC043160107', 153, 0, 'MOFR043501', 'MOF-R-043-501', '', ''),
(1940, 'LOC043160107', 153, 0, 'MOFR043502', 'MOF-R-043-502', '', ''),
(1941, 'LOC043160107', 153, 0, 'MOFR043503', 'MOF-R-043-503', '', ''),
(1942, 'LOC043160107', 153, 0, 'MOFR043504', 'MOF-R-043-504', '', ''),
(1943, 'LOC043160107', 153, 0, 'MOFR043505', 'MOF-R-043-505', '', ''),
(1944, 'LOC043160107', 153, 0, 'MOFR043506', 'MOF-R-043-506', '', ''),
(1945, 'LOC043160107', 153, 0, 'MOFR043507', 'MOF-R-043-507', '', ''),
(1946, 'LOC043160107', 153, 0, 'MOFR043508', 'MOF-R-043-508', '', ''),
(1947, 'LOC043160107', 153, 0, 'MOFR043509', 'MOF-R-043-509', '', ''),
(1948, 'LOC043160107', 153, 0, 'MOFR043510', 'MOF-R-043-510', '', ''),
(1949, 'LOC043160107', 153, 0, 'MOFR043511', 'MOF-R-043-511', '', ''),
(1950, 'LOC043160107', 153, 0, 'MOFR043512', 'MOF-R-043-512', '', ''),
(1951, 'LOC043160107', 153, 0, 'MOFR043513', 'MOF-R-043-513', '', ''),
(1952, 'LOC043160107', 153, 0, 'MOFR043514', 'MOF-R-043-514', '', ''),
(1953, 'LOC043160107', 153, 0, 'MOFR043515', 'MOF-R-043-515', '', ''),
(1954, 'LOC043160107', 153, 0, 'MOFR043516', 'MOF-R-043-516', '', ''),
(1955, 'LOC043160107', 153, 0, 'MOFR043517', 'MOF-R-043-517', '', ''),
(1956, 'LOC043160107', 153, 0, 'MOFR043518', 'MOF-R-043-518', '', ''),
(1957, 'LOC043160107', 153, 0, 'MOFR043519', 'MOF-R-043-519', '', ''),
(1958, 'LOC043160107', 153, 0, 'MOFR043520', 'MOF-R-043-520', '', ''),
(1959, 'LOC043160107', 153, 0, 'MOFR043521', 'MOF-R-043-521', '', ''),
(1960, 'LOC043160107', 153, 0, 'MOFR043522', 'MOF-R-043-522', '', ''),
(1961, 'LOC043160107', 153, 0, 'MOFR043523', 'MOF-R-043-523', '', ''),
(1962, 'LOC043160107', 153, 0, 'MOFR043524', 'MOF-R-043-524', '', ''),
(1963, 'LOC043160107', 153, 0, 'MOFR043525', 'MOF-R-043-525', '', ''),
(1964, 'LOC043160107', 153, 0, 'MOFR043526', 'MOF-R-043-526', '', ''),
(1965, 'LOC043160107', 153, 0, 'MOFR043527', 'MOF-R-043-527', '', ''),
(1966, 'LOC043160107', 153, 0, 'MOFR043528', 'MOF-R-043-528', '', ''),
(1967, 'LOC043160107', 153, 0, 'MOFR043529', 'MOF-R-043-529', '', ''),
(1968, 'LOC043160107', 153, 0, 'MOFR043530', 'MOF-R-043-530', '', ''),
(1969, 'LOC043160107', 153, 0, 'MOFR043531', 'MOF-R-043-531', '', ''),
(1970, 'LOC043160107', 153, 0, 'MOFR043532', 'MOF-R-043-532', '', ''),
(1971, 'LOC043160107', 153, 0, 'MOFR043533', 'MOF-R-043-533', '', ''),
(1972, 'LOC043160107', 153, 0, 'MOFR043534', 'MOF-R-043-534', '', ''),
(1973, 'LOC043160107', 153, 0, 'MOFR043535', 'MOF-R-043-535', '', ''),
(1974, 'LOC043160107', 153, 0, 'MOFR043536', 'MOF-R-043-536', '', ''),
(1975, 'LOC043160107', 153, 0, 'MOFR043537', 'MOF-R-043-537', '', ''),
(1976, 'LOC043160107', 153, 0, 'MOFR043538', 'MOF-R-043-538', '', ''),
(1977, 'LOC043160107', 153, 0, 'MOFR043539', 'MOF-R-043-539', '', ''),
(1978, 'LOC043160107', 153, 0, 'MOFR043540', 'MOF-R-043-540', '', ''),
(1979, 'LOC043160107', 153, 0, 'MOFR043541', 'MOF-R-043-541', '', ''),
(1980, 'LOC043160107', 153, 0, 'MOFR043542', 'MOF-R-043-542', '', ''),
(1981, 'LOC043160107', 153, 0, 'MOFR043543', 'MOF-R-043-543', '', ''),
(1982, 'LOC043160107', 153, 0, 'MOFR043544', 'MOF-R-043-544', '', ''),
(1983, 'LOC043160107', 153, 0, 'MOFR043545', 'MOF-R-043-545', '', ''),
(1984, 'LOC043160107', 153, 0, 'MOFR043546', 'MOF-R-043-546', '', ''),
(1985, 'LOC043160107', 154, 0, 'PHCR0430', 'PHC-R-043-0', '', ''),
(1986, 'LOC043160107', 155, 0, 'RMUR0430', 'RMU-R-043-0', '', ''),
(1987, 'LOC043160107', 155, 0, 'RMUR0431', 'RMU-R-043-1', '', ''),
(1988, 'LOC043160107', 156, 0, 'RTRR0430', 'RTR-R-043-0', '', ''),
(1989, 'LOC043160107', 156, 0, 'RTRR0431', 'RTR-R-043-1', '', ''),
(1990, 'LOC043160107', 156, 0, 'RTRR0432', 'RTR-R-043-2', '', ''),
(1991, 'LOC043160107', 156, 0, 'RTRR0433', 'RTR-R-043-3', '', ''),
(1992, 'LOC043160107', 156, 0, 'RTRR0434', 'RTR-R-043-4', '', ''),
(1993, 'LOC043160107', 156, 0, 'RTRR0435', 'RTR-R-043-5', '', ''),
(1994, 'LOC043160107', 157, 0, 'SWCR0430', 'SWC-R-043-0', '', ''),
(1995, 'LOC043160107', 157, 0, 'SWCR0431', 'SWC-R-043-1', '', ''),
(1996, 'LOC043160107', 157, 0, 'SWCR0432', 'SWC-R-043-2', '', ''),
(1997, 'LOC043160107', 157, 0, 'SWCR0433', 'SWC-R-043-3', '', ''),
(1998, 'LOC043160107', 157, 0, 'SWCR0434', 'SWC-R-043-4', '', ''),
(1999, 'LOC043160107', 157, 0, 'SWCR0435', 'SWC-R-043-5', '', ''),
(2000, 'LOC043160107', 157, 0, 'SWCR0436', 'SWC-R-043-6', '', ''),
(2001, 'LOC043160107', 157, 0, 'SWCR0437', 'SWC-R-043-7', '', ''),
(2002, 'LOC043160107', 157, 0, 'SWCR0438', 'SWC-R-043-8', '', ''),
(2003, 'LOC043160107', 157, 0, 'SWCR0439', 'SWC-R-043-9', '', ''),
(2004, 'LOC043160107', 157, 0, 'SWCR04310', 'SWC-R-043-10', '', ''),
(2005, 'LOC043160107', 157, 0, 'SWCR04311', 'SWC-R-043-11', '', ''),
(2006, 'LOC043160107', 157, 0, 'SWCR04312', 'SWC-R-043-12', '', ''),
(2007, 'LOC043160107', 157, 0, 'SWCR04313', 'SWC-R-043-13', '', ''),
(2008, 'LOC043160107', 158, 0, 'TSMR0430', 'TSM-R-043-0', '', ''),
(2009, 'LOC043160107', 159, 0, 'UPSR0430', 'UPS-R-043-0', '', ''),
(2010, 'LOC043160107', 159, 0, 'UPSR0431', 'UPS-R-043-1', '', ''),
(2011, 'LOC043160107', 159, 0, 'UPSR0432', 'UPS-R-043-2', '', ''),
(2012, 'LOC043160107', 159, 0, 'UPSR0433', 'UPS-R-043-3', '', ''),
(2013, 'LOC043160107', 160, 0, 'VCUR0430', 'VCU-R-043-0', '', ''),
(2014, 'LOC043160107', 160, 0, 'VCUR0431', 'VCU-R-043-1', '', ''),
(2015, 'LOC043160107', 161, 0, 'WRSR0430', 'WRS-R-043-0', '', ''),
(2016, 'LOC043160107', 161, 0, 'WRSR0431', 'WRS-R-043-1', '', ''),
(2017, 'LOC043160107', 161, 0, 'WRSR0432', 'WRS-R-043-2', '', ''),
(2018, 'LOC043160107', 161, 0, 'WRSR0433', 'WRS-R-043-3', '', ''),
(2019, 'LOC043160107', 161, 0, 'WRSR0434', 'WRS-R-043-4', '', ''),
(2020, 'LOC043160107', 161, 0, 'WRSR0435', 'WRS-R-043-5', '', ''),
(2021, 'LOC043160107', 161, 0, 'WRSR0436', 'WRS-R-043-6', '', ''),
(2022, 'LOC043160107', 161, 0, 'WRSR0437', 'WRS-R-043-7', '', ''),
(2023, 'LOC043160107', 161, 0, 'WRSR0438', 'WRS-R-043-8', '', '');

-- --------------------------------------------------------

--
-- Table structure for table `audit_physical_stock_info`
--

CREATE TABLE IF NOT EXISTS `audit_physical_stock_info` (
  `id` int(11) NOT NULL AUTO_INCREMENT,
  `audt_code` varchar(100) NOT NULL,
  `audt_id` int(11) NOT NULL,
  `branch_id` int(11) NOT NULL,
  `branch_code` text NOT NULL,
  `classification` varchar(100) NOT NULL,
  `entry_date` date NOT NULL,
  `audit_date` date NOT NULL,
  PRIMARY KEY (`id`)
) ENGINE=InnoDB  DEFAULT CHARSET=latin1 AUTO_INCREMENT=8 ;

--
-- Dumping data for table `audit_physical_stock_info`
--

INSERT INTO `audit_physical_stock_info` (`id`, `audt_code`, `audt_id`, `branch_id`, `branch_code`, `classification`, `entry_date`, `audit_date`) VALUES
(1, 'LOC1193160106', 0, 0, 'LOC1193', 'Rented', '2016-01-06', '2016-01-06'),
(2, 'LOC1193160106', 0, 0, 'LOC1193', 'Owned', '2016-01-06', '2016-01-06'),
(3, 'LOC1193160106', 0, 0, 'LOC1193', 'Owned', '2016-01-06', '2016-01-06'),
(4, 'LOC143160107', 0, 0, 'LOC143', 'Owned', '2016-01-07', '2016-01-07'),
(5, 'LOC143160107', 0, 0, 'LOC143', 'Rented', '2016-01-07', '2016-01-07'),
(6, 'LOC043160107', 0, 0, 'LOC043', 'Owned', '2016-01-07', '2016-01-07'),
(7, 'LOC043160107', 0, 0, 'LOC043', 'Rented', '2016-01-07', '2016-01-07');

/*!40101 SET CHARACTER_SET_CLIENT=@OLD_CHARACTER_SET_CLIENT */;
/*!40101 SET CHARACTER_SET_RESULTS=@OLD_CHARACTER_SET_RESULTS */;
/*!40101 SET COLLATION_CONNECTION=@OLD_COLLATION_CONNECTION */;
